,Unit_ID,ID.X,row.ID,Study,continent,taxon,metric,metric.specific,disturbance,matrix,distance.p.d,time,effect.direction,p.mean,p.sd,p.n,d.mean,d.sd,d.n,hedges.g,LRR,var.LRR,time.inv,dist.inv,X,scale,col,row.ID,study.ID,dist.inv,pr.st
1,1,871,30,3,AS,p,for,Number of trees (per 0.3ha),bur,NA,NA,1,p,129.6,29.4,2,72.1,22.2,2,1.26131299,-0.58639874,0.073133837,0,NA,0,1.306195915,darkgreen,30,3,NA,1.63811865
20,20,890,74,4,CA,p,for,Mean density (stems/ha),sec,NA,NA,15,p,58.73,24.33531385,3,3.3,2.482035455,5,3.395465135,-2.879028201,0.170371669,-2.708050201,NA,-2.708050201,1.241637907,darkgreen,74,4,NA,-0.586268302
22,22,907,115,4,CA,p,for,Mean basal area (m^2/ha),sel,NA,NA,12,p,3.03,2.407550623,3,0.46,0.650538239,2,0.933930819,-1.885091409,1.210447778,-2.48490665,NA,-2.48490665,1.091958008,darkgreen,115,4,NA,-0.402978641
14,14,884,68,4,CA,p,for,Mean density (stems/ha),sec,NA,NA,15,p,49.95,19.84930225,3,15.96,6.618761213,5,2.33273735,-1.140936913,0.087034632,-2.708050201,NA,-2.708050201,1.292912036,darkgreen,68,4,NA,-0.586268302
19,19,889,73,4,CA,p,for,Mean density (stems/ha),sec,NA,NA,15,p,16.55,7.690305586,3,6.21,4.136725758,5,1.611719329,-0.980225206,0.1607214,-2.708050201,NA,-2.708050201,1.246089144,darkgreen,73,4,NA,-0.586268302
18,18,888,72,4,CA,p,for,Mean density (stems/ha),sec,NA,NA,15,p,33.51,6.39126748,3,17.26,11.56047144,5,1.394260796,-0.663452216,0.101847733,-2.708050201,NA,-2.708050201,1.280913849,darkgreen,72,4,NA,-0.586268302
38,38,923,131,4,CA,p,for,Mean density (stems/ha),sel,NA,NA,12,p,33.51,6.39126748,3,20.59,9.418662325,2,1.246739468,-0.487038381,0.116750689,-2.48490665,NA,-2.48490665,1.270489045,darkgreen,131,4,NA,-0.402978641
30,30,915,123,4,CA,p,for,Mean density (stems/ha),sel,NA,NA,12,p,263,57.52140732,3,189.36,26.10638236,2,1.085777869,-0.328504067,0.025448636,-2.48490665,NA,-2.48490665,1.386780064,darkgreen,123,4,NA,-0.402978641
11,11,881,65,4,CA,p,for,Mean density (stems/ha),sec,NA,NA,15,p,268.8,28.76936391,3,204.31,115.492911,5,0.585666143,-0.27432916,0.067727303,-2.708050201,NA,-2.708050201,1.312058774,darkgreen,65,4,NA,-0.586268302
2,2,872,56,4,CA,p,for,Mean basal area (m^2/ha),sec,NA,NA,15,p,3.03,2.407550623,3,2.42,2.705642253,5,0.203226745,-0.224795079,0.460447778,-2.708050201,NA,-2.708050201,1.165741792,darkgreen,56,4,NA,-0.586268302
40,40,925,133,4,CA,p,for,Mean density (stems/ha),sel,NA,NA,12,p,58.73,24.33531385,3,47.67,26.65792565,2,0.320038019,-0.2086484,0.213593601,-2.48490665,NA,-2.48490665,1.224378532,darkgreen,133,4,NA,-0.402978641
10,10,880,64,4,CA,p,for,Mean density (stems/ha),sec,NA,NA,15,p,263,57.52140732,3,215.11,90.76199921,5,0.512800513,-0.201004507,0.051550548,-2.708050201,NA,-2.708050201,1.332893323,darkgreen,64,4,NA,-0.586268302
31,31,916,124,4,CA,p,for,Mean density (stems/ha),sel,NA,NA,12,p,268.8,28.76936391,3,237.58,39.13128927,2,0.696668771,-0.1234632,0.017382731,-2.48490665,NA,-2.48490665,1.415878794,darkgreen,124,4,NA,-0.402978641
32,32,917,125,4,CA,p,for,Mean density (stems/ha),sel,NA,NA,12,p,84.63,19.20844346,3,79.23,18.28578136,2,0.207727436,-0.065933799,0.0438046,-2.48490665,NA,-2.48490665,1.345322912,darkgreen,125,4,NA,-0.402978641
27,27,912,120,4,CA,p,for,Mean density (stems/ha),sel,NA,NA,12,p,470.6,25.58239043,3,441.25,46.95189027,2,0.623738278,-0.064396868,0.006646224,-2.48490665,NA,-2.48490665,1.48927189,darkgreen,120,4,NA,-0.402978641
7,7,877,61,4,CA,p,for,Mean density (stems/ha),sec,NA,NA,15,p,470.6,25.58239043,3,452.24,66.0087267,5,0.285689543,-0.039795464,0.005245883,-2.708050201,NA,-2.708050201,1.507333769,darkgreen,61,4,NA,-0.586268302
23,23,908,116,4,CA,p,for,Mean basal area (m^2/ha),sel,NA,NA,12,p,0.3,0.103923048,3,0.29,0.212132034,2,0.04881135,-0.033901552,0.307538643,-2.48490665,NA,-2.48490665,1.196551535,darkgreen,116,4,NA,-0.402978641
36,36,921,129,4,CA,p,for,Mean density (stems/ha),sel,NA,NA,12,p,40.81,27.52228733,3,40.83,18.2999235,2,-0.000585762,0.000489956,0.252046091,-2.48490665,NA,-2.48490665,1.211741854,darkgreen,129,4,NA,-0.402978641
4,4,874,58,4,CA,p,for,Mean basal area (m^2/ha),sec,NA,NA,15,p,11.42,1.472243186,3,11.82,6.328072376,5,-0.066425933,0.034426808,0.062864136,-2.708050201,NA,-2.708050201,1.317746958,darkgreen,58,4,NA,-0.586268302
41,41,941,149,4,CA,p,for,Tree Basal Area (m^2/ha),sel,NA,NA,12,p,30.6,2.542308662,3,32,0.070710678,2,-0.490409319,0.044735894,0.002303313,-2.48490665,NA,-2.48490665,1.57016683,darkgreen,149,4,NA,-0.402978641
21,21,906,90,4,CA,p,for,Tree Basal Area (m^2/ha),sec,NA,NA,15,p,30.6,2.542308662,3,32.4,3.29772649,5,-0.510396975,0.057158414,0.004372774,-2.708050201,NA,-2.708050201,1.521230714,darkgreen,90,4,NA,-0.586268302
33,33,918,126,4,CA,p,for,Mean density (stems/ha),sel,NA,NA,12,p,92.04,23.05359625,3,97.61,20.39295957,2,-0.182455527,0.058756682,0.042736732,-2.48490665,NA,-2.48490665,1.347206927,darkgreen,126,4,NA,-0.402978641
39,39,924,132,4,CA,p,for,Mean density (stems/ha),sel,NA,NA,12,p,16.55,7.690305586,3,18.05,6.279108217,2,-0.150460058,0.086759583,0.132480879,-2.48490665,NA,-2.48490665,1.260840165,darkgreen,132,4,NA,-0.402978641
25,25,910,118,4,CA,p,for,Mean basal area (m^2/ha),sel,NA,NA,12,p,1.86,0.744781847,3,2.23,0.650538239,2,-0.376482889,0.181425098,0.095996109,-2.48490665,NA,-2.48490665,1.285430836,darkgreen,118,4,NA,-0.402978641
9,9,879,63,4,CA,p,for,Mean density (stems/ha),sec,NA,NA,15,p,334.66,28.78668442,3,402.97,65.98636602,5,-1.053512012,0.185747026,0.007829166,-2.708050201,NA,-2.708050201,1.476767263,darkgreen,63,4,NA,-0.586268302
29,29,914,122,4,CA,p,for,Mean density (stems/ha),sel,NA,NA,12,p,334.66,28.78668442,3,410.4,5.246732316,2,-2.324338835,0.204017203,0.002548069,-2.48490665,NA,-2.48490665,1.562457708,darkgreen,122,4,NA,-0.402978641
26,26,911,119,4,CA,p,for,Mean density (stems/ha),sel,NA,NA,12,p,433.45,73.49091577,3,542.41,41.71930009,2,-1.225563794,0.224245724,0.012540197,-2.48490665,NA,-2.48490665,1.440805907,darkgreen,119,4,NA,-0.402978641
28,28,913,121,4,CA,p,for,Mean density (stems/ha),sel,NA,NA,12,p,196.09,35.12599038,3,247.85,23.47594514,2,-1.186685721,0.234249987,0.015181873,-2.48490665,NA,-2.48490665,1.426212999,darkgreen,121,4,NA,-0.402978641
24,24,909,117,4,CA,p,for,Mean basal area (m^2/ha),sel,NA,NA,12,p,11.42,1.472243186,3,15.37,0.282842712,2,-2.368043473,0.297051353,0.005709269,-2.48490665,NA,-2.48490665,1.50087199,darkgreen,117,4,NA,-0.402978641
13,13,883,67,4,CA,p,for,Mean density (stems/ha),sec,NA,NA,15,p,92.04,23.05359625,3,138.63,70.23489517,5,-0.688167535,0.409585248,0.072248282,-2.708050201,NA,-2.708050201,1.307125906,darkgreen,67,4,NA,-0.586268302
34,34,919,127,4,CA,p,for,Mean density (stems/ha),sel,NA,NA,12,p,49.95,19.84930225,3,78.81,50.17629719,2,-0.632303805,0.456017387,0.25531491,-2.48490665,NA,-2.48490665,1.210758187,darkgreen,127,4,NA,-0.402978641
16,16,886,70,4,CA,p,for,Mean density (stems/ha),sec,NA,NA,15,p,40.81,27.52228733,3,65.58,21.48861326,5,-0.909924347,0.474343622,0.173078932,-2.708050201,NA,-2.708050201,1.240434414,darkgreen,70,4,NA,-0.586268302
6,6,876,60,4,CA,p,for,Mean density (stems/ha),sec,NA,NA,15,p,433.45,73.49091577,3,741.51,140.2461835,5,-2.19358998,0.536912198,0.016736742,-2.708050201,NA,-2.708050201,1.418769758,darkgreen,60,4,NA,-0.586268302
12,12,882,66,4,CA,p,for,Mean density (stems/ha),sec,NA,NA,15,p,84.63,19.20844346,3,160.31,49.5289057,5,-1.569368336,0.638820627,0.036262637,-2.708050201,NA,-2.708050201,1.359746965,darkgreen,66,4,NA,-0.586268302
3,3,873,57,4,CA,p,for,Mean basal area (m^2/ha),sec,NA,NA,15,p,0.3,0.103923048,3,0.59,0.670820393,5,-0.457666658,0.676340062,0.298546394,-2.708050201,NA,-2.708050201,1.198816883,darkgreen,57,4,NA,-0.586268302
8,8,878,62,4,CA,p,for,Mean density (stems/ha),sec,NA,NA,15,p,196.09,35.12599038,3,406.38,61.89436162,5,-3.358090064,0.728714945,0.01533555,-2.708050201,NA,-2.708050201,1.425444163,darkgreen,62,4,NA,-0.586268302
35,35,920,128,4,CA,p,for,Mean density (stems/ha),sel,NA,NA,12,p,31.52,24.97617265,3,75.16,7.311484117,2,-1.52402224,0.86899691,0.214026233,-2.48490665,NA,-2.48490665,1.224224067,darkgreen,128,4,NA,-0.402978641
15,15,885,69,4,CA,p,for,Mean density (stems/ha),sec,NA,NA,15,p,31.52,24.97617265,3,80.32,55.3874038,5,-0.893985594,0.935396391,0.304399915,-2.708050201,NA,-2.708050201,1.197334636,darkgreen,69,4,NA,-0.586268302
5,5,875,59,4,CA,p,for,Mean basal area (m^2/ha),sec,NA,NA,15,p,1.86,0.744781847,3,5.22,0.670820393,5,-4.195805473,1.031920914,0.056748431,-2.708050201,NA,-2.708050201,1.325559942,darkgreen,59,4,NA,-0.586268302
17,17,887,71,4,CA,p,for,Mean density (stems/ha),sec,NA,NA,15,p,0.56,1.922576396,3,19.06,14.0425069,5,-1.396526472,3.527410393,4.037451219,-2.708050201,NA,-2.708050201,1,darkgreen,71,4,NA,-0.586268302
37,37,922,130,4,CA,p,for,Mean density (stems/ha),sel,NA,NA,12,p,0.56,1.922576396,3,23.14,5.741707063,2,-4.477208959,3.721381217,3.959674326,-2.48490665,NA,-2.48490665,1.001484905,darkgreen,130,4,NA,-0.402978641
42,42,942,267,10,SA,p,for,Mean basal area,bur,nat,2.5,0.833333333,p,30.31,1.84,8,26.35,2.4,8,1.750833052,-0.140009416,0.001497635,0.182321557,-0.916290732,0.182321557,1.603027213,darkgreen,267,10,-0.916290732,1.787877208
45,45,945,337,11,SA,p,for,"Tree Basal Area (m^2/ha, excluding palms)",sec,nat,1.2,14,p,29.8,3.354101966,5,6.4,1.788854382,5,7.86309041,-1.538210403,0.01815867,-2.63905733,-0.182321557,-2.63905733,1.412545065,darkgreen,337,11,-0.182321557,-0.529597697
44,44,944,336,11,SA,p,for,Liana basal area (m^2/ha),sec,nat,1.2,14,p,0.36,0.223606798,5,0.11,0.04472136,5,1.400392163,-1.185623666,0.110218346,-2.63905733,-0.182321557,-2.63905733,1.274884366,darkgreen,336,11,-0.182321557,-0.529597697
43,43,943,335,11,SA,p,for,"Tree Basal Area (m^2/ha, excluding palms)",pla,nat,1.2,4,p,29.8,3.354101966,5,12.7,4.248529157,5,4.035279634,-0.8529064,0.024915714,-1.386294361,-0.182321557,-1.386294361,1.38839563,darkgreen,335,11,-0.182321557,0.499419269
46,46,947,461,16,SA,p,for,Average summed basal area,abn,nat,10,2,p,9744.9,2992,7,5510.4,454.1,7,1.852529843,-0.570106855,0.014437134,-0.693147181,-2.302585093,-0.693147181,1.430052663,darkgreen,461,16,-2.302585093,1.068768959
47,47,952,536,19,AF,p,for,Mean basal area (m^2/ha),sec,nat,1,15,p,48.7,14.6,6,40,19.7,6,0.463174455,-0.196799576,0.055405515,-2.708050201,0,-2.708050201,1.327388141,darkgreen,536,19,0,-0.586268302
48,48,968,659,25,AS,p,for,"Basal area (m^3/km^2, Buru)",sel,agr,NA,1,p,1123.8,901.4,6,270.4,120.2,6,1.225069289,-1.424568735,0.140161393,0,NA,0,1.256538067,darkgreen,659,25,NA,1.63811865
49,49,969,660,25,AS,p,for,"Basal area (m^3/km^2, Buru)",sel,agr,NA,5,p,1123.8,901.4,6,282.5,216.3,6,1.184757431,-1.380792528,0.204934228,-1.609437912,NA,-1.609437912,1.227537843,darkgreen,660,25,NA,0.316129607
51,51,971,662,25,AS,p,for,Canopy cover (Buru),sel,agr,NA,1,p,35.08,22.04,6,10.34,6.95,6,1.397513121,-1.221611298,0.141085853,0,NA,0,1.256036222,darkgreen,662,25,NA,1.63811865
50,50,970,661,25,AS,p,for,"Basal area (m^3/km^2, Buru)",sel,agr,NA,12,p,1123.8,901.4,6,336.5,258.4,6,1.096040125,-1.20587293,0.205507063,-2.48490665,NA,-2.48490665,1.227324761,darkgreen,661,25,NA,-0.402978641
65,65,985,676,25,AS,p,for,Proportion of trees branching above half their height (Buru),sel,agr,NA,12,p,0.67,0.07,6,0.22,0.23,6,2.443438914,-1.113650166,0.183981796,-2.48490665,NA,-2.48490665,1.235771023,darkgreen,676,25,NA,-0.402978641
52,52,972,663,25,AS,p,for,Canopy cover (Buru),sel,agr,NA,5,p,35.08,22.04,6,14.07,10.17,6,1.129928794,-0.913586296,0.152865721,-1.609437912,NA,-1.609437912,1.249914613,darkgreen,663,25,NA,0.316129607
54,54,974,665,25,AS,p,for,Habitat complexity (Buru),sel,agr,NA,1,p,1.27,0.95,6,0.57,0.93,6,0.687358814,-0.801135819,0.536933497,0,NA,0,1.154010632,darkgreen,665,25,NA,1.63811865
53,53,973,664,25,AS,p,for,Canopy cover (Buru),sel,agr,NA,12,p,35.08,22.04,6,21.36,17.96,6,0.629962186,-0.496111153,0.183619745,-2.48490665,NA,-2.48490665,1.235921393,darkgreen,664,25,NA,-0.402978641
55,55,975,666,25,AS,p,for,Habitat complexity (Buru),sel,agr,NA,5,p,1.27,0.95,6,0.82,0.93,6,0.441873524,-0.437467839,0.30763984,-1.609437912,NA,-1.609437912,1.19652642,darkgreen,666,25,NA,0.316129607
59,59,979,670,25,AS,p,for,"Mean tree girth (m, Buru)",sel,agr,NA,12,p,1.9,0.64,6,1.4,0.42,6,0.852656462,-0.30538165,0.033910434,-2.48490665,NA,-2.48490665,1.364866556,darkgreen,670,25,NA,-0.402978641
58,58,978,669,25,AS,p,for,"Mean tree girth (m, Buru)",sel,agr,NA,5,p,1.9,0.64,6,1.45,0.37,6,0.794639817,-0.27029033,0.029762594,-1.609437912,NA,-1.609437912,1.374826348,darkgreen,669,25,NA,0.316129607
57,57,977,668,25,AS,p,for,"Mean tree girth (m, Buru)",sel,agr,NA,1,p,1.9,0.64,6,1.49,0.31,6,0.752645157,-0.243077766,0.026124824,0,NA,0,1.384778202,darkgreen,668,25,NA,1.63811865
62,62,982,673,25,AS,p,for,"Mean tree height (m, Buru)",sel,agr,NA,12,p,20.76,3.84,6,17.49,3.98,6,0.771861363,-0.171398769,0.014332871,-2.48490665,NA,-2.48490665,1.430605964,darkgreen,673,25,NA,-0.402978641
63,63,983,674,25,AS,p,for,Proportion of trees branching above half their height (Buru),sel,agr,NA,1,p,0.67,0.07,6,0.58,0.12,6,0.84570081,-0.144249609,0.008953626,0,NA,0,1.466522561,darkgreen,674,25,NA,1.63811865
60,60,980,671,25,AS,p,for,"Mean tree height (m, Buru)",sel,agr,NA,1,p,20.76,3.84,6,19.76,2.85,6,0.272984413,-0.049368366,0.00916947,0,NA,0,1.464704126,darkgreen,671,25,NA,1.63811865
64,64,984,675,25,AS,p,for,Proportion of trees branching above half their height (Buru),sel,agr,NA,5,p,0.67,0.07,6,0.65,0.13,6,0.176829468,-0.030305349,0.008485929,-1.609437912,NA,-1.609437912,1.470618012,darkgreen,675,25,NA,0.316129607
61,61,981,672,25,AS,p,for,"Mean tree height (m, Buru)",sel,agr,NA,5,p,20.76,3.84,6,20.97,3.06,6,-0.055831692,0.010064787,0.009251293,-1.609437912,NA,-1.609437912,1.464025962,darkgreen,672,25,NA,0.316129607
56,56,976,667,25,AS,p,for,Habitat complexity (Buru),sel,agr,NA,12,p,1.27,0.95,6,1.51,0.86,6,-0.24449182,0.17309275,0.147320476,-2.48490665,NA,-2.48490665,1.252735253,darkgreen,667,25,NA,-0.402978641
66,66,992,770,32,SA,p,for,Mean canopy height (m),sec,nat,NA,20,p,32.5,3.535533906,2,18.75,1.767766953,2,2.811056886,-0.550046337,0.010361604,-2.995732274,NA,-2.995732274,1.455373573,darkgreen,770,32,NA,-0.822569774
67,67,993,771,32,SA,p,for,Mean diameter of trees (>10 cm dbh),sec,nat,NA,20,p,23.6,0,2,19.9,1.555634919,2,1.922077922,-0.17052698,0.003055478,-2.995732274,NA,-2.995732274,1.548594788,darkgreen,771,32,NA,-0.822569774
68,68,994,772,32,SA,p,for,Mean number of individuals/.1 ha (<10 cm dbh),sec,nat,NA,20,p,620,135.764502,2,730,197.9898987,2,-0.370286423,0.163325056,0.06075491,-2.995732274,NA,-2.995732274,1.320352202,darkgreen,772,32,NA,-0.822569774
69,69,995,796,33,AS,p,for,Mean percentage of shaded ground vegetation,sec,nat,NA,5,p,66.99,2.18,4,51.97,1.5,8,8.003779029,-0.253876725,0.000368881,-1.609437912,NA,-1.609437912,1.709989016,darkgreen,796,33,NA,0.316129607
70,70,996,797,33,AS,p,for,Mean percentage of shaded ground vegetation,sec,nat,NA,15,p,66.99,2.18,4,57.62,1.29,8,5.373758465,-0.150673625,0.000327401,-2.708050201,NA,-2.708050201,1.719095096,darkgreen,797,33,NA,-0.586268302
71,71,997,798,33,AS,p,for,Mean percentage of shaded ground vegetation,sec,nat,NA,30,p,66.99,2.18,4,63.16,1.35,8,2.150981094,-0.058872165,0.000321856,-3.401197382,NA,-3.401197382,1.720399202,darkgreen,798,33,NA,-1.155617993
80,80,1006,810,34,SA,p,for,"Volume (m^3/tree with 60 cm, >60 cm)",sel,nat,NA,3,p,14.4,7.636753237,2,7.833333333,4.42756517,3,0.837608759,-0.608840074,0.247116625,-1.098612289,NA,-1.098612289,1.213249641,darkgreen,810,34,NA,0.73572074
76,76,1002,806,34,SA,p,for,Percent trees >60 cm,sel,nat,NA,3,p,55,2.969848481,2,54.26666667,28.401115,3,0.022936387,-0.01342302,0.09276047,-1.098612289,NA,-1.098612289,1.288048229,darkgreen,806,34,NA,0.73572074
75,75,1001,805,34,SA,p,for,Mean median diameter (cm),sel,nat,NA,3,p,66.2,2.545584412,2,71.6,30.34320352,3,-0.158238609,0.078414611,0.060604669,-1.098612289,NA,-1.098612289,1.32054121,darkgreen,805,34,NA,0.73572074
79,79,1005,809,34,SA,p,for,"Volume (m^3/100 ha, >60 cm)",sel,nat,NA,3,p,45.35,41.79001077,2,145.6666667,95.60629338,3,-0.892929783,1.16691073,0.568173199,-1.098612289,NA,-1.098612289,1.149693586,darkgreen,809,34,NA,0.73572074
78,78,1004,808,34,SA,p,for,"Volume (m^3/100 ha, >45 cm)",sel,nat,NA,3,p,48.6,45.53767671,2,177.7666667,104.9182698,3,-1.048324391,1.296848298,0.555087272,-1.098612289,NA,-1.098612289,1.151472324,darkgreen,808,34,NA,0.73572074
77,77,1003,807,34,SA,p,for,"Volume (m^3/100 ha, >20 cm)",sel,nat,NA,3,p,50.3,47.5175757,2,196.2333333,113.5817474,3,-1.097418068,1.36129935,0.557886914,-1.098612289,NA,-1.098612289,1.151088275,darkgreen,807,34,NA,0.73572074
74,74,1000,804,34,SA,p,for,Mean density per 100 ha (>60 cm),sel,nat,NA,3,p,4.55,5.303300859,2,24,17.25311566,3,-0.981231532,1.662926597,0.851528521,-1.098612289,NA,-1.098612289,1.118806895,darkgreen,804,34,NA,0.73572074
73,73,999,803,34,SA,p,for,Mean density per 100 ha (>45 cm),sel,nat,NA,3,p,6.1,7.212489168,2,39.66666667,30.33188641,3,-0.972070868,1.872222433,0.893912077,-1.098612289,NA,-1.098612289,1.115098842,darkgreen,803,34,NA,0.73572074
72,72,998,802,34,SA,p,for,Mean density per 100 ha (>20 cm),sel,nat,NA,3,p,8.6,10.18233765,2,63.13333333,55.52353855,3,-0.867574449,1.993486689,0.958738807,-1.098612289,NA,-1.098612289,1.109754353,darkgreen,802,34,NA,0.73572074
81,81,1011,842,36,CA,p,for,Basal area (m^2/ha),sec,nat,0.5,35,p,37.56,13.33679122,12,2.07,1.38,9,3.344429373,-2.898391047,0.059889512,-3.555348061,0.693147181,-3.555348061,1.321447379,darkgreen,842,36,0.693147181,-1.282237049
82,82,1016,872,39,AF,p,for,Mean dbh,bur,nat,5,5,p,9.7,13.46996659,14,11.7,18.3341212,14,-0.120703267,0.187462956,0.313136765,-1.609437912,-1.609437912,-1.609437912,1.195174459,darkgreen,872,39,-1.609437912,0.316129607
83,83,1017,1019,53,CA,p,for,Mean basal area (m^2/ha),abn,pas,NA,4,p,39.83,8.72,4,6.75,1.84,4,4.564642617,-1.775077892,0.030559316,-1.386294361,NA,-1.386294361,1.372809721,darkgreen,1019,53,NA,0.499419269
84,84,1018,1020,53,CA,p,for,Mean basal area (m^2/ha),abn,pas,NA,13,p,39.83,8.72,4,23.31,5.18,4,2.003000888,-0.535737944,0.024328315,-2.564949357,NA,-2.564949357,1.390216877,darkgreen,1020,53,NA,-0.468725559
90,90,1024,1026,53,CA,p,for,Mean stem density (>1 cm/ha),abn,pas,NA,4,p,4048.2,521.8,4,2714.9,739.2,4,1.812110994,-0.399517218,0.022687045,-1.386294361,NA,-1.386294361,1.395548815,darkgreen,1026,53,NA,0.499419269
86,86,1020,1022,53,CA,p,for,Mean basal area (m^2/ha),abn,pas,NA,37,p,39.83,8.72,4,28.94,6.48,4,1.232681963,-0.319395676,0.024516731,-3.610917913,NA,-3.610917913,1.389627943,darkgreen,1022,53,NA,-1.327882012
85,85,1019,1021,53,CA,p,for,Mean basal area (m^2/ha),abn,pas,NA,25,p,39.83,8.72,4,30.62,16.1,4,0.61857652,-0.262967007,0.08109908,-3.218875825,NA,-3.218875825,1.298304101,darkgreen,1021,53,NA,-1.005859435
87,87,1021,1023,53,CA,p,for,Mean basal area (m^2/ha),abn,pas,NA,52,p,39.83,8.72,4,35.23,6.1,4,0.53156815,-0.122722405,0.019477684,-3.951243719,NA,-3.951243719,1.407192178,darkgreen,1023,53,NA,-1.60742494
88,88,1022,1024,53,CA,p,for,Mean basal area (m^2/ha),abn,pas,NA,77,p,39.83,8.72,4,37.07,8.7,4,0.275545169,-0.07181238,0.025752617,-4.343805422,NA,-4.343805422,1.385873624,darkgreen,1024,53,NA,-1.929874328
89,89,1023,1025,53,CA,p,for,Mean basal area (m^2/ha),abn,pas,NA,30,p,39.83,8.72,4,41.77,12.51,9,-0.155575688,0.047557981,0.021949147,-3.401197382,NA,-3.401197382,1.398072976,darkgreen,1025,53,NA,-1.155617993
95,95,1029,1031,53,CA,p,for,Mean stem density (>1 cm/ha),abn,pas,NA,77,p,4048.2,521.8,4,5398.4,2521.6,4,-0.644813621,0.287830275,0.058699517,-4.343805422,NA,-4.343805422,1.322979466,darkgreen,1031,53,NA,-1.929874328
96,96,1030,1032,53,CA,p,for,Mean stem density (>1 cm/ha),abn,pas,NA,30,p,4048.2,521.8,4,6154.4,2021.7,9,-1.12245237,0.418894935,0.016143604,-3.401197382,NA,-3.401197382,1.421524209,darkgreen,1032,53,NA,-1.155617993
91,91,1025,1027,53,CA,p,for,Mean stem density (>1 cm/ha),abn,pas,NA,13,p,4048.2,521.8,4,6299.5,1260.8,4,-2.028959134,0.442197927,0.014167888,-2.564949357,NA,-2.564949357,1.431489769,darkgreen,1027,53,NA,-0.468725559
94,94,1028,1030,53,CA,p,for,Mean stem density (>1 cm/ha),abn,pas,NA,52,p,4048.2,521.8,4,6618.3,2478.2,4,-1.247990125,0.491566202,0.039206162,-3.951243719,NA,-3.951243719,1.353789123,darkgreen,1030,53,NA,-1.60742494
92,92,1026,1028,53,CA,p,for,Mean stem density (>1 cm/ha),abn,pas,NA,25,p,4048.2,521.8,4,8644.8,826.2,4,-5.784676672,0.758685646,0.006437093,-3.218875825,NA,-3.218875825,1.491712546,darkgreen,1028,53,NA,-1.005859435
93,93,1027,1029,53,CA,p,for,Mean stem density (>1 cm/ha),abn,pas,NA,37,p,4048.2,521.8,4,9512,3478,4,-1.9105081,0.854281822,0.037577369,-3.610917913,NA,-3.610917913,1.357028273,darkgreen,1029,53,NA,-1.327882012
97,97,1086,1465,80,CA,p,for,Mean canopy cover (%),abn,pla,NA,24,p,92.26666667,0.665832812,3,89.1,1.697056275,2,2.055330589,-0.034923601,0.000198746,-3.17805383,NA,-3.17805383,1.757199627,darkgreen,1465,80,NA,-0.972328331
98,98,1087,1466,80,CA,p,for,Mean leaf litter (g/.0625 m^2),abn,pla,NA,24,p,39.63333333,12.95157648,3,46.05,18.17264428,2,-0.313269274,0.150057248,0.113461975,-3.17805383,NA,-3.17805383,1.272670241,darkgreen,1466,80,NA,-0.972328331
101,101,1097,1482,82,SA,p,for,Mean canopy height (m),sel,nat,NA,5,p,34.9,7,6,25.4,3.6,2,1.259868466,-0.317737655,0.016748946,-1.609437912,NA,-1.609437912,1.418714116,darkgreen,1482,82,NA,0.316129607
100,100,1096,1481,82,SA,p,for,Mean canopy height (m),sel,nat,NA,5,p,34.9,7,6,29.9,7.4,2,0.61512156,-0.154628349,0.037330981,-1.609437912,NA,-1.609437912,1.357530453,darkgreen,1481,82,NA,0.316129607
99,99,1095,1480,82,SA,p,for,Mean canopy height (m),sel,nat,NA,1,p,34.9,7,6,30.6,6.8,2,0.536686572,-0.13148682,0.031396284,0,NA,0,1.370747085,darkgreen,1480,82,NA,1.63811865
102,102,1098,1483,82,SA,p,for,Mean canopy height (m),sel,nat,NA,5,p,34.9,7,6,31.1,9.7,2,0.439545553,-0.11527901,0.055344828,-1.609437912,NA,-1.609437912,1.3274718,darkgreen,1483,82,NA,0.316129607
103,103,1103,1491,83,AS,p,for,Mean canopy cover (%),sel,dis,3,30,p,96.22,0.381837662,2,94.19,0.45254834,2,2.770556627,-0.021323217,1.94E-05,-3.401197382,-1.098612289,-3.401197382,1.934754473,darkgreen,1491,83,-1.098612289,-1.155617993
104,104,1104,1492,83,AS,p,for,Mean herb cover (%),sel,dis,3,30,p,21.23,1.697056275,2,23.06,1.866761902,2,-0.586186292,0.082684239,0.006471582,-3.401197382,-1.098612289,-3.401197382,1.491304628,darkgreen,1492,83,-1.098612289,-1.155617993
107,107,1108,1550,89,SA,p,for,Mean fruiting basal area per km,sec,nat,7,13,p,5.2,5.6,4,1,1,4,0.90795054,-1.648658626,0.539940828,-2.564949357,-1.945910149,-2.564949357,1.153584263,darkgreen,1550,89,-1.945910149,-0.468725559
106,106,1106,1548,89,SA,p,for,Mean canopy height (m),sec,nat,7,13,p,23,0,4,7,2,4,9.83800739,-1.189584067,0.020408163,-2.564949357,-1.945910149,-2.564949357,1.403629839,darkgreen,1548,89,-1.945910149,-0.468725559
108,108,1109,1551,89,SA,p,for,Mean understorey openness (%),sec,nat,7,13,p,40,8,4,18,4,4,3.024787327,-0.798507696,0.022345679,-2.564949357,-1.945910149,-2.564949357,1.396706176,darkgreen,1551,89,-1.945910149,-0.468725559
105,105,1105,1545,89,SA,p,for,Mean basal area (m^2),sec,nat,7,13,p,7.3,1.4,4,3.5,1.6,4,2.198019478,-0.73511138,0.061439869,-2.564949357,-1.945910149,-2.564949357,1.319496377,darkgreen,1545,89,-1.945910149,-0.468725559
109,109,1116,1726,104,AS,p,for,Basal area >10cm dbh (m2/ha),sec,nat,0.25,55,p,7.83,0.81406388,3,6.43,1.853294364,3,0.782490077,-0.196987972,0.03129451,-4.007333185,1.386294361,-4.007333185,1.370994941,darkgreen,1726,104,1.386294361,-1.653496714
110,110,1117,1727,104,AS,p,for,Stem density,sec,nat,0.25,55,p,149,13.85640646,3,134,19.05255888,3,0.72036027,-0.106106506,0.009621448,-4.007333185,1.386294361,-4.007333185,1.461031128,darkgreen,1727,104,1.386294361,-1.653496714
111,111,1123,1784,115,AS,p,for,Mean basal area (m^2/ha),sel,nat,NA,1,p,56.7,18.2,4,33.7,9.3,4,1.383875946,-0.520276373,0.044797355,0,NA,0,1.343612167,darkgreen,1784,115,NA,1.63811865
113,113,1125,1786,115,AS,p,for,"Mean cover (%, /.6 m^2)",sel,nat,NA,1,p,24.38,1.67,4,18.97,1.34,4,3.107194461,-0.25090434,0.002420447,0,NA,0,1.566380221,darkgreen,1786,115,NA,1.63811865
114,114,1126,1787,115,AS,p,for,"Mean cover (%, /.6 m^2)",sel,nat,NA,1,p,14.98,2.25,4,12.65,2.5,4,0.85191013,-0.169058763,0.015404282,0,NA,0,1.425102792,darkgreen,1787,115,NA,1.63811865
112,112,1124,1785,115,AS,p,for,Mean canopy cover (%),sel,nat,NA,1,p,90.3,0.4,4,81.9,0.3,4,20.65981552,-0.09763847,8.26E-06,0,NA,0,2,darkgreen,1785,115,NA,1.63811865
115,115,1127,1788,115,AS,p,for,Mean stem density (/.25 ha),sel,nat,NA,1,p,140.5,17.3,4,129,10.3,4,0.702398926,-0.085395084,0.005384157,0,NA,0,1.505347685,darkgreen,1788,115,NA,1.63811865
119,119,1131,1885,120,SA,p,for,Mean Erythrochiton fallax % cover,sel,nat,3.7,1,p,5,5.142956348,5,1,1.979898987,8,1.069130102,-1.609437912,0.7016,0,-1.30833282,0,1.133591158,darkgreen,1885,120,-1.30833282,1.63811865
125,125,1138,1892,120,SA,p,for,Mean vine high % cover,sel,nat,3.7,1,p,10.7,4.695742753,5,3.8,2.828427125,8,1.77277794,-1.035242675,0.107770725,0,-1.30833282,0,1.276598702,darkgreen,1892,120,-1.30833282,1.63811865
126,126,1139,1893,120,SA,p,for,Mean vine low % cover,sel,nat,3.7,1,p,19.9,6.037383539,5,13.7,5.374011537,8,1.025450985,-0.373323899,0.037642469,0,-1.30833282,0,1.356896139,darkgreen,1893,120,-1.30833282,1.63811865
120,120,1132,1886,120,SA,p,for,Mean fern % cover,sel,nat,3.7,1,p,28.3,6.037383539,5,23.9,6.505382387,8,0.645668754,-0.168983346,0.018363416,0,-1.30833282,0,1.411689144,darkgreen,1886,120,-1.30833282,1.63811865
123,123,1135,1889,120,SA,p,for,Mean leaf litter depth,sel,nat,3.7,1,p,2.1,0.223606798,5,1.9,0.282842712,8,0.707800847,-0.100083459,0.005037657,0,-1.30833282,0,1.510425632,darkgreen,1889,120,-1.30833282,1.63811865
117,117,1129,1883,120,SA,p,for,Mean canopy cover (%),sel,nat,3.7,1,p,91,2.459674775,5,88,4.242640687,8,0.75522119,-0.033522692,0.000436665,0,-1.30833282,0,1.697111419,darkgreen,1883,120,-1.30833282,1.63811865
122,122,1134,1888,120,SA,p,for,Mean leaf litter % cover,sel,nat,3.7,1,p,80,3.577708764,5,79,5.091168825,8,0.202276618,-0.012578782,0.000919148,0,-1.30833282,0,1.64029489,darkgreen,1888,120,-1.30833282,1.63811865
116,116,1128,1882,120,SA,p,for,Mean basal area (m^2/ha),sel,nat,3.7,1,p,0.5,0.223606798,5,0.5,0.282842712,8,0,0,0.08,0,-1.30833282,0,1.299345726,darkgreen,1882,120,-1.30833282,1.63811865
118,118,1130,1884,120,SA,p,for,Mean canopy height (m),sel,nat,3.7,1,p,9.8,1.788854382,5,11,2.2627417,8,-0.530850635,0.115512887,0.011953146,0,-1.30833282,0,1.444465892,darkgreen,1884,120,-1.30833282,1.63811865
121,121,1133,1887,120,SA,p,for,Mean Heliconia spp. % cover,sel,nat,3.7,1,p,15,5.590169944,5,20,9.050966799,8,-0.583704889,0.287682072,0.053377778,0,-1.30833282,0,1.330234358,darkgreen,1887,120,-1.30833282,1.63811865
124,124,1136,1890,120,SA,p,for,Mean palm % cover,sel,nat,3.7,1,p,1.4,1.118033989,5,2.2,1.697056275,8,-0.492065081,0.451985124,0.201931186,0,-1.30833282,0,1.228664747,darkgreen,1890,120,-1.30833282,1.63811865
