,Unit_ID,ID.X,row.ID,Study,continent,taxon,metric,metric.specific,disturbance,matrix,distance.p.d,time,effect.direction,p.mean,p.sd,p.n,d.mean,d.sd,d.n,hedges.g,LRR,var.LRR,time.inv,dist.inv,X,study.ID,dist.inv,scale,col,row.ID,pr.st
13,13,130,444,m6_5_14,SA,m,abu,Mean number of individuals per site,sel,nat,1.5,1.666666667,p,0.79,0.056568542,2,0.205,0.176776695,2,2.547054297,-1.349022966,0.374366189,-0.510825624,-0.405465108,-0.510825624,14,-0.405465108,1.417234726,darkgreen,444,1.126755289
11,11,128,442,m6_5_14,SA,m,abu,Mean number of individuals per site,sel,nat,1.5,1.666666667,p,0.54,0.056568542,2,0.205,0.176776695,2,1.458569555,-0.96855916,0.377289466,-0.510825624,-0.405465108,-0.510825624,14,-0.405465108,1.416175055,darkgreen,442,1.126755289
6,6,123,437,m6_5_14,SA,m,abu,Mean number of individuals per site,sel,nat,1.5,1.666666667,p,1.79,1.71119841,2,0.835,0.940452019,2,0.395245425,-0.762539174,1.091210193,-0.510825624,-0.405465108,-0.510825624,14,-0.405465108,1.27148972,darkgreen,437,1.126755289
7,7,124,438,m6_5_14,SA,m,abu,Mean number of individuals per site,sel,nat,1.5,1.666666667,p,30.915,21.80010206,2,16.875,9.609581156,2,0.476241528,-0.605408266,0.410767597,-0.510825624,-0.405465108,-0.510825624,14,-0.405465108,1.404593076,darkgreen,438,1.126755289
12,12,129,443,m6_5_14,SA,m,abu,Mean number of individuals per site,sel,nat,1.5,1.666666667,p,0.795,0.530330086,2,0.5,0.240416306,2,0.409418149,-0.463734016,0.33809911,-0.510825624,-0.405465108,-0.510825624,14,-0.405465108,1.43111641,darkgreen,443,1.126755289
15,15,132,446,m6_5_14,SA,m,abu,Mean number of individuals per site,sel,nat,1.5,1.666666667,p,0.415,0.120208153,2,0.335,0.120208153,2,0.380292722,-0.214147988,0.106330531,-0.510825624,-0.405465108,-0.510825624,14,-0.405465108,1.588710895,darkgreen,446,1.126755289
10,10,127,441,m6_5_14,SA,m,abu,Mean number of individuals per site,sel,nat,1.5,1.666666667,p,0.79,0.296984848,2,0.67,0,2,0.326530612,-0.164755233,0.070661753,-0.510825624,-0.405465108,-0.510825624,14,-0.405465108,1.644382937,darkgreen,441,1.126755289
2,2,119,433,m6_5_14,SA,m,abu,Mean number of individuals per site,sel,nat,1.5,1.666666667,p,0.415,0.120208153,2,0.42,0,2,-0.033613445,0.011976191,0.041950936,-0.510825624,-0.405465108,-0.510825624,14,-0.405465108,1.715416216,darkgreen,433,1.126755289
5,5,122,436,m6_5_14,SA,m,abu,Mean number of individuals per site,sel,nat,1.5,1.666666667,p,2.25,0,2,2.625,0.417193001,2,-0.726392252,0.15415068,0.012629478,-0.510825624,-0.405465108,-0.510825624,14,-0.405465108,1.878961501,darkgreen,436,1.126755289
9,9,126,440,m6_5_14,SA,m,abu,Mean number of individuals per site,sel,nat,1.5,1.666666667,p,2,1.173797257,2,2.875,1.590990258,2,-0.35764272,0.362905494,0.325344093,-0.510825624,-0.405465108,-0.510825624,14,-0.405465108,1.436355412,darkgreen,440,1.126755289
4,4,121,435,m6_5_14,SA,m,abu,Mean number of individuals per site,sel,nat,1.5,1.666666667,p,7.665,3.655742059,2,11.54,2.531442277,2,-0.704232748,0.409154749,0.137795627,-0.510825624,-0.405465108,-0.510825624,14,-0.405465108,1.553396248,darkgreen,435,1.126755289
14,14,131,445,m6_5_14,SA,m,abu,Mean number of individuals per site,sel,nat,1.5,1.666666667,p,0.585,0.120208153,2,0.915,0.586898628,2,-0.445147727,0.447312218,0.226821179,-0.510825624,-0.405465108,-0.510825624,14,-0.405465108,1.485498189,darkgreen,445,1.126755289
3,3,120,434,m6_5_14,SA,m,abu,Mean number of individuals per site,sel,nat,1.5,1.666666667,p,1.21,0.296984848,2,2.165,0.586898628,2,-1.173307825,0.581800002,0.066864382,-0.510825624,-0.405465108,-0.510825624,14,-0.405465108,1.651908273,darkgreen,434,1.126755289
1,1,118,432,m6_5_14,SA,m,abu,Mean number of individuals per site,sel,nat,1.5,1.666666667,p,0.29,0.056568542,2,0.75,0.593969696,2,-0.62303118,0.950192284,0.33262497,-0.510825624,-0.405465108,-0.510825624,14,-0.405465108,1.433340229,darkgreen,432,1.126755289
8,8,125,439,m6_5_14,SA,m,abu,Mean number of individuals per site,sel,nat,1.5,1.666666667,p,0.42,0,2,1.125,0.28991378,2,-1.965156796,0.985283603,0.033204938,-0.510825624,-0.405465108,-0.510825624,14,-0.405465108,1.747268183,darkgreen,439,1.126755289
16,16,136,459,m6_5_16,SA,m,abu,Number of visits to scent stations per line per month,abn,nat,10,2,p,1.29,5.18567257,7,1.6,4.82267549,7,-0.057956032,0.215361411,3.606405676,-0.693147181,-2.302585093,-0.693147181,16,-2.302585093,1.108631446,darkgreen,459,0.973173804
17,17,213,611,m6_5_23,SA,m,abu,Mean number of individuals captured per plot,bur,nat,NA,1,p,7.8,3.959797975,8,10,3.39411255,8,-0.56401919,0.248461359,0.046615648,0,NA,0,23,NA,1.70105224,darkgreen,611,1.55705744
22,22,223,621,m6_5_23,SA,m,abu,Mean number of individuals captured per plot (new captures),bur,nat,NA,1,p,10.8,3.111269837,8,15.5,5.091168825,8,-1.053242829,0.36129389,0.023859752,0,NA,0,23,NA,1.792294515,darkgreen,621,1.55705744
18,18,214,612,m6_5_23,SA,m,abu,Mean number of individuals captured per plot,bur,nat,NA,1,p,1.9,1.697056275,8,2.8,1.414213562,8,-0.544738726,0.387765531,0.131610747,0,NA,0,23,NA,1.559652547,darkgreen,612,1.55705744
20,20,216,614,m6_5_23,SA,m,abu,Mean number of individuals captured per plot,bur,nat,NA,1,p,0.4,0.565685425,8,0.6,0.848528137,8,-0.262221911,0.405465108,0.5,0,NA,0,23,NA,1.37781199,darkgreen,614,1.55705744
21,21,222,620,m6_5_23,SA,m,abu,Mean number of individuals captured per plot (all captures and recaptures),bur,nat,NA,1,p,15.8,5.091168825,8,23.9,4.808326112,8,-1.546555252,0.413868519,0.018038125,0,NA,0,23,NA,1.830400108,darkgreen,620,1.55705744
19,19,215,613,m6_5_23,SA,m,abu,Mean number of individuals captured per plot,bur,nat,NA,1,p,0.4,0.848528137,8,1.4,1.979898987,8,-0.620721319,1.252762968,0.812499999,0,NA,0,23,NA,1.311668975,darkgreen,613,1.55705744
34,34,341,917,m6_5_44,SA,m,abu,Mean capture frequency,sec,nat,2,20,p,8.33,5.16,3,0.67,0.82,3,1.658701891,-2.520341023,0.627199756,-2.995732274,-0.693147181,-2.995732274,44,-0.693147181,1.346933442,darkgreen,917,-0.966445652
28,28,335,911,m6_5_44,SA,m,abu,Mean capture frequency,sec,nat,2,20,p,7.26,4.02,3,0.67,0.82,3,1.817239707,-2.382857395,0.601496152,-2.995732274,-0.693147181,-2.995732274,44,-0.693147181,1.352634176,darkgreen,911,-0.966445652
38,38,345,921,m6_5_44,SA,m,abu,Mean capture frequency,sec,nat,2,20,p,6.41,4.31,3,0.67,0.82,3,1.480193291,-2.258336838,0.649995951,-2.995732274,-0.693147181,-2.995732274,44,-0.693147181,1.34206972,darkgreen,921,-0.966445652
26,26,333,909,m6_5_44,SA,m,abu,Mean capture frequency,sec,nat,2,20,p,5.77,3.56,3,0.67,0.82,3,1.579427155,-2.153149647,0.626184489,-2.995732274,-0.693147181,-2.995732274,44,-0.693147181,1.347154148,darkgreen,909,-0.966445652
37,37,344,920,m6_5_44,SA,m,abu,Mean capture frequency,sec,nat,2,20,p,19.1,11.1,3,10.2,2.93,3,0.877093089,-0.627300615,0.140084277,-2.995732274,-0.693147181,-2.995732274,44,-0.693147181,1.551152109,darkgreen,920,-0.966445652
33,33,340,916,m6_5_44,SA,m,abu,Mean capture frequency,sec,nat,2,20,p,18.7,12.9,3,10.2,2.93,3,0.726961171,-0.606135804,0.186131338,-2.995732274,-0.693147181,-2.995732274,44,-0.693147181,1.512433072,darkgreen,916,-0.966445652
35,35,342,918,m6_5_44,SA,m,abu,Mean capture frequency,sec,nat,2,20,p,50.9,21.8,3,27.8,14.8,3,0.991858312,-0.604826903,0.155618388,-2.995732274,-0.693147181,-2.995732274,44,-0.693147181,1.536825319,darkgreen,918,-0.966445652
25,25,332,908,m6_5_44,SA,m,abu,Mean capture frequency,sec,nat,2,20,p,17.2,11.7,3,10.2,2.93,3,0.656612266,-0.522521664,0.181743904,-2.995732274,-0.693147181,-2.995732274,44,-0.693147181,1.51568281,darkgreen,908,-0.966445652
31,31,338,914,m6_5_44,SA,m,abu,Mean capture frequency,sec,nat,2,20,p,45.5,11.3,3,27.8,14.8,3,1.075430976,-0.492676305,0.115033575,-2.995732274,-0.693147181,-2.995732274,44,-0.693147181,1.577993095,darkgreen,914,-0.966445652
23,23,330,906,m6_5_44,SA,m,abu,Mean capture frequency,sec,nat,2,20,p,45.2,19.9,3,27.8,14.8,3,0.793777934,-0.486061066,0.159085294,-2.995732274,-0.693147181,-2.995732274,44,-0.693147181,1.533823561,darkgreen,906,-0.966445652
30,30,337,913,m6_5_44,SA,m,abu,Mean capture frequency,sec,nat,2,20,p,16.35,3.323401872,3,10.2,2.93,3,1.570438946,-0.471840177,0.041277505,-2.995732274,-0.693147181,-2.995732274,44,-0.693147181,1.717620913,darkgreen,913,-0.966445652
27,27,334,910,m6_5_44,SA,m,abu,Mean capture frequency,sec,nat,2,20,p,41.4,13.6,3,27.8,14.8,3,0.765514129,-0.39824486,0.13044534,-2.995732274,-0.693147181,-2.995732274,44,-0.693147181,1.560864272,darkgreen,910,-0.966445652
36,36,343,919,m6_5_44,SA,m,abu,Mean capture frequency,sec,nat,2,20,p,18.6,16.2,3,13.8,13.4,3,0.258306353,-0.298492989,0.567151318,-2.995732274,-0.693147181,-2.995732274,44,-0.693147181,1.360643958,darkgreen,919,-0.966445652
24,24,331,907,m6_5_44,SA,m,abu,Mean capture frequency,sec,nat,2,20,p,16.3,13.5,3,13.8,13.4,3,0.148697857,-0.166496516,0.542939645,-2.995732274,-0.693147181,-2.995732274,44,-0.693147181,1.366587603,darkgreen,907,-0.966445652
32,32,339,915,m6_5_44,SA,m,abu,Mean capture frequency,sec,nat,2,20,p,13.5,4.09,3,13.8,13.4,3,-0.024225863,0.021978907,0.344885234,-2.995732274,-0.693147181,-2.995732274,44,-0.693147181,1.428409068,darkgreen,915,-0.966445652
29,29,336,912,m6_5_44,SA,m,abu,Mean capture frequency,sec,nat,2,20,p,13,0.707106781,3,13.8,13.4,3,-0.067450683,0.059719235,0.315275908,-2.995732274,-0.693147181,-2.995732274,44,-0.693147181,1.440637979,darkgreen,912,-0.966445652
39,39,362,981,m6_5_48,CA,m,abu,"Mean capture rate (bats per harp trap hour), harp traps",sel,nat,NA,10,p,0.15,0.070710678,2,0.16,0.134164079,5,-0.067858776,0.064538521,0.251736111,-2.302585093,NA,-2.302585093,48,NA,1.471299888,darkgreen,981,-0.382562015
40,40,363,982,m6_5_48,CA,m,abu,"Mean capture rate (bats per mist net hour), ground mist nets",sel,nat,NA,10,p,0.55,0.212132034,2,0.8,0.324037035,5,-0.690342985,0.374693449,0.107192665,-2.302585093,NA,-2.302585093,48,NA,1.58761075,darkgreen,982,-0.382562015
41,41,364,983,m6_5_48,CA,m,abu,"Mean capture rate (bats per mist net hour), subcanopy mist nets",sel,nat,NA,10,p,0.1,0.113137085,2,0.236,0.156939479,5,-0.767544728,0.858661619,0.728444413,-2.302585093,NA,-2.302585093,48,NA,1.326546431,darkgreen,983,-0.382562015
47,47,516,1538,m6_5_89,SA,m,abu,Mean track rate per 10 km,sec,nat,7,13,p,0.65,0.84,4,0.25,0.5,4,0.503198199,-0.955511445,1.417514793,-2.564949357,-1.945910149,-2.564949357,89,-1.945910149,1.23584829,darkgreen,1538,-0.603568758
46,46,515,1537,m6_5_89,SA,m,abu,Mean track rate per 10 km,sec,nat,7,13,p,2.02,1.86,4,0.8,0.86,4,0.732139281,-0.926241063,0.500870763,-2.564949357,-1.945910149,-2.564949357,89,-1.945910149,1.37757494,darkgreen,1537,-0.603568758
52,52,521,1543,m6_5_89,SA,m,abu,Mean track rate per 10 km,sec,nat,7,13,p,0.94,0.8,4,0.46,0.92,4,0.484161829,-0.714653386,1.181077411,-2.564949357,-1.945910149,-2.564949357,89,-1.945910149,1.260708142,darkgreen,1543,-0.603568758
51,51,520,1542,m6_5_89,SA,m,abu,Mean track rate per 10 km,sec,nat,7,13,p,1.81,1.3,4,1.41,1.04,4,0.295468966,-0.249737141,0.264973572,-2.564949357,-1.945910149,-2.564949357,89,-1.945910149,1.464318032,darkgreen,1542,-0.603568758
43,43,512,1534,m6_5_89,SA,m,abu,Mean track rate per 10 km,sec,nat,7,13,p,2.47,2.18,4,1.95,1.52,4,0.24062018,-0.236388778,0.346641825,-2.564949357,-1.945910149,-2.564949357,89,-1.945910149,1.42771695,darkgreen,1534,-0.603568758
45,45,514,1536,m6_5_89,SA,m,abu,Mean track rate per 10 km,sec,nat,7,13,p,1.29,2.04,4,1.09,1.14,4,0.105245397,-0.168464522,0.898664642,-2.564949357,-1.945910149,-2.564949357,89,-1.945910149,1.297937332,darkgreen,1536,-0.603568758
48,48,517,1539,m6_5_89,SA,m,abu,Mean track rate per 10 km,sec,nat,7,13,p,6.69,4.06,4,8.57,4.68,4,-0.373154409,0.247653858,0.166628449,-2.564949357,-1.945910149,-2.564949357,89,-1.945910149,1.527512355,darkgreen,1539,-0.603568758
49,49,518,1540,m6_5_89,SA,m,abu,Mean track rate per 10 km,sec,nat,7,13,p,0.42,0.84,4,1.06,1.52,4,-0.453191194,0.925769476,1.514061944,-2.564949357,-1.945910149,-2.564949357,89,-1.945910149,1.226871666,darkgreen,1540,-0.603568758
50,50,519,1541,m6_5_89,SA,m,abu,Mean track rate per 10 km,sec,nat,7,13,p,0.36,0.72,4,1,1.22,4,-0.555578058,1.021651248,1.3721,-2.564949357,-1.945910149,-2.564949357,89,-1.945910149,1.240284471,darkgreen,1541,-0.603568758
42,42,511,1533,m6_5_89,SA,m,abu,Mean track density per 10 km,sec,nat,7,13,p,1.8,1,4,21.3,17.8,4,-1.345078072,2.470920408,0.251751073,-2.564949357,-1.945910149,-2.564949357,89,-1.945910149,1.471291791,darkgreen,1533,-0.603568758
44,44,513,1535,m6_5_89,SA,m,abu,Mean track rate per 10 km,sec,nat,7,13,p,1.8,1.04,4,21.3,17.82,4,-1.343401136,2.470920408,0.258439928,-2.564949357,-1.945910149,-2.564949357,89,-1.945910149,1.467719378,darkgreen,1535,-0.603568758
61,61,530,1560,m6_5_90,SA,m,abu,"Mean number of captures per sampling period, closed canopy",sel,nat,1.7,1.666666667,p,0.17,0.014142136,2,0.03,0.014142136,2,5.656854099,-1.734601055,0.114571325,-0.510825624,-0.530628251,-0.510825624,90,-0.530628251,1.578541643,darkgreen,1560,1.126755289
60,60,529,1559,m6_5_90,SA,m,abu,"Mean number of captures per sampling period, closed canopy",sel,nat,1.7,1.666666667,p,0.09,0.014142136,2,0.05,0.014142136,2,1.616244028,-0.587786665,0.052345682,-0.510825624,-0.530628251,-0.510825624,90,-0.530628251,1.685258117,darkgreen,1559,1.126755289
59,59,528,1558,m6_5_90,SA,m,abu,"Mean number of captures per sampling period, closed canopy",sel,nat,1.7,1.666666667,p,0.08,0.014142136,2,0.05,0.014142136,2,1.212183021,-0.470003629,0.055625003,-0.510825624,-0.530628251,-0.510825624,90,-0.530628251,1.676980041,darkgreen,1558,1.126755289
57,57,526,1556,m6_5_90,SA,m,abu,"Mean number of captures per sampling period, closed canopy",sel,nat,1.7,1.666666667,p,0.2,0.014142136,2,0.13,0.042426407,2,1.264911057,-0.430782916,0.055754438,-0.510825624,-0.530628251,-0.510825624,90,-0.530628251,1.676663401,darkgreen,1556,1.126755289
73,73,542,1572,m6_5_90,SA,m,abu,"Mean number of captures per sampling period, gaps",sel,nat,1.7,1.666666667,p,1.19,0,2,1.11,0.113137085,2,0.571428571,-0.069593292,0.005194384,-0.510825624,-0.530628251,-0.510825624,90,-0.530628251,2,darkgreen,1572,1.126755289
58,58,527,1557,m6_5_90,SA,m,abu,"Mean number of captures per sampling period, closed canopy",sel,nat,1.7,1.666666667,p,0.5,0,2,0.47,0.155563492,2,0.155844156,-0.061875404,0.054775917,-0.510825624,-0.530628251,-0.510825624,90,-0.530628251,1.679075626,darkgreen,1557,1.126755289
67,67,536,1566,m6_5_90,SA,m,abu,"Mean number of captures per sampling period, closed canopy",sel,nat,1.7,1.666666667,p,0.05,0,2,0.05,0.014142136,2,0,0,0.040000002,-0.510825624,-0.530628251,-0.510825624,90,-0.530628251,1.721903883,darkgreen,1566,1.126755289
68,68,537,1567,m6_5_90,SA,m,abu,"Mean number of captures per sampling period, closed canopy",sel,nat,1.7,1.666666667,p,0.08,0,2,0.08,0.028284271,2,0,0,0.062499999,-0.510825624,-0.530628251,-0.510825624,90,-0.530628251,1.6611041,darkgreen,1567,1.126755289
53,53,522,1552,m6_5_90,SA,m,abu,"Mean number of captures per sampling period, closed canopy",sel,nat,1.7,1.666666667,p,0.23,0.014142136,2,0.25,0.084852814,2,-0.187884556,0.083381609,0.05949036,-0.510825624,-0.530628251,-0.510825624,90,-0.530628251,1.667827591,darkgreen,1552,1.126755289
55,55,524,1554,m6_5_90,SA,m,abu,"Mean number of captures per sampling period, closed canopy",sel,nat,1.7,1.666666667,p,0.14,0.014142136,2,0.16,0.056568542,2,-0.277183573,0.133531393,0.06760204,-0.510825624,-0.530628251,-0.510825624,90,-0.530628251,1.650413542,darkgreen,1554,1.126755289
70,70,539,1569,m6_5_90,SA,m,abu,"Mean number of captures per sampling period, gaps",sel,nat,1.7,1.666666667,p,0.13,0.014142136,2,0.17,0.014142136,2,-1.616244028,0.268263987,0.009377368,-0.510825624,-0.530628251,-0.510825624,90,-0.530628251,1.919523277,darkgreen,1569,1.126755289
71,71,540,1570,m6_5_90,SA,m,abu,"Mean number of captures per sampling period, gaps",sel,nat,1.7,1.666666667,p,0.06,0,2,0.08,0.014142136,2,-1.142857112,0.287682072,0.015625001,-0.510825624,-0.530628251,-0.510825624,90,-0.530628251,1.849965496,darkgreen,1570,1.126755289
66,66,535,1565,m6_5_90,SA,m,abu,"Mean number of captures per sampling period, closed canopy",sel,nat,1.7,1.666666667,p,0.77,0,2,1.13,0.395979797,2,-0.734693878,0.383582397,0.0613987,-0.510825624,-0.530628251,-0.510825624,90,-0.530628251,1.663526064,darkgreen,1565,1.126755289
54,54,523,1553,m6_5_90,SA,m,abu,"Mean number of captures per sampling period, closed canopy",sel,nat,1.7,1.666666667,p,0.11,0.014142136,2,0.17,0.056568542,2,-0.83155072,0.435318071,0.063627784,-0.510825624,-0.530628251,-0.510825624,90,-0.530628251,1.65866772,darkgreen,1553,1.126755289
64,64,533,1563,m6_5_90,SA,m,abu,"Mean number of captures per sampling period, closed canopy",sel,nat,1.7,1.666666667,p,1.35,0,2,2.16,0.763675324,2,-0.857142857,0.470003629,0.0625,-0.510825624,-0.530628251,-0.510825624,90,-0.530628251,1.661104098,darkgreen,1563,1.126755289
69,69,538,1568,m6_5_90,SA,m,abu,"Mean number of captures per sampling period, gaps",sel,nat,1.7,1.666666667,p,0.04,0,2,0.08,0.014142136,2,-2.285714225,0.693147181,0.015625001,-0.510825624,-0.530628251,-0.510825624,90,-0.530628251,1.849965496,darkgreen,1568,1.126755289
72,72,541,1571,m6_5_90,SA,m,abu,"Mean number of captures per sampling period, gaps",sel,nat,1.7,1.666666667,p,0.03,0,2,0.06,0.014142136,2,-1.714285669,0.693147181,0.027777779,-0.510825624,-0.530628251,-0.510825624,90,-0.530628251,1.77158093,darkgreen,1571,1.126755289
74,74,543,1573,m6_5_90,SA,m,abu,"Mean number of captures per sampling period, gaps",sel,nat,1.7,1.666666667,p,0.09,0,2,0.23,0.028284271,2,-4.000000035,0.938269639,0.007561437,-0.510825624,-0.530628251,-0.510825624,90,-0.530628251,1.948846152,darkgreen,1573,1.126755289
75,75,544,1574,m6_5_90,SA,m,abu,"Mean number of captures per sampling period, gaps",sel,nat,1.7,1.666666667,p,0.05,0,2,0.14,0.028284271,2,-2.571428594,1.029619417,0.020408163,-0.510825624,-0.530628251,-0.510825624,90,-0.530628251,1.813582285,darkgreen,1574,1.126755289
76,76,545,1575,m6_5_90,SA,m,abu,"Mean number of captures per sampling period, gaps",sel,nat,1.7,1.666666667,p,0.03,0,2,0.09,0.028284271,2,-1.714285729,1.098612289,0.049382715,-0.510825624,-0.530628251,-0.510825624,90,-0.530628251,1.693196375,darkgreen,1575,1.126755289
65,65,534,1564,m6_5_90,SA,m,abu,"Mean number of captures per sampling period, closed canopy",sel,nat,1.7,1.666666667,p,0.06,0,2,0.19,0.056568542,2,-1.857142873,1.15267951,0.044321329,-0.510825624,-0.530628251,-0.510825624,90,-0.530628251,1.707928039,darkgreen,1564,1.126755289
56,56,525,1555,m6_5_90,SA,m,abu,"Mean number of captures per sampling period, closed canopy",sel,nat,1.7,1.666666667,p,0.03,0,2,0.11,0.042426407,2,-1.523809519,1.299282984,0.074380166,-0.510825624,-0.530628251,-0.510825624,90,-0.530628251,1.637396158,darkgreen,1555,1.126755289
62,62,531,1561,m6_5_90,SA,m,abu,"Mean number of captures per sampling period, closed canopy",sel,nat,1.7,1.666666667,p,0.02,0,2,0.11,0.042426407,2,-1.714285709,1.704748092,0.074380166,-0.510825624,-0.530628251,-0.510825624,90,-0.530628251,1.637396158,darkgreen,1561,1.126755289
63,63,532,1562,m6_5_90,SA,m,abu,"Mean number of captures per sampling period, closed canopy",sel,nat,1.7,1.666666667,p,0.03,0,2,0.17,0.070710678,2,-1.600000003,1.734601055,0.08650519,-0.510825624,-0.530628251,-0.510825624,90,-0.530628251,1.616822661,darkgreen,1562,1.126755289
77,77,623,1666,m6_5_96,AS,m,abu,Mean densities per km,sel,nat,13,22,p,0.21,0.313049517,5,0.3,0.34,4,-0.246249617,0.356674944,0.765555556,-3.091042453,-2.564949357,-3.091042453,96,-2.564949357,1.319776864,darkgreen,1666,-1.046731709
78,78,663,1767,m6_5_113,AS,m,abu,total civet density/sq km,sel,nat,9,2,p,31.5,72.128,4,6.4,32.1666993,6,0.444819308,-1.593689555,5.520961583,-0.693147181,-2.197224577,-0.693147181,113,-2.197224577,1.0506172,darkgreen,1767,0.973173804
85,85,673,1803,m6_5_116,AS,m,abu,Mean biomass (kg/ha),sel,pla,1.5,14,p,0.02,0.028284271,2,0.005,0.007071068,2,0.41577536,-1.386294361,2.000000036,-2.63905733,-0.405465108,-2.63905733,116,-0.405465108,1.188950582,darkgreen,1803,-0.665994796
91,91,681,1811,m6_5_116,AS,m,abu,Mean population density (N/ha),sel,pla,1.5,14,p,0.7,0.424264069,2,0.4,0.565685425,2,0.342857143,-0.559615788,1.18367347,-2.63905733,-0.405465108,-2.63905733,116,-0.405465108,1.260409021,darkgreen,1811,-0.665994796
83,83,670,1800,m6_5_116,AS,m,abu,Mean biomass (kg/ha),sel,pla,1.5,14,p,0.105,0.091923882,2,0.08,0.113137085,2,0.138591785,-0.271933715,1.383219959,-2.63905733,-0.405465108,-2.63905733,116,-0.405465108,1.239184829,darkgreen,1800,-0.665994796
87,87,677,1807,m6_5_116,AS,m,abu,Mean population density (N/ha),sel,pla,1.5,14,p,2.3,0.282842712,2,1.8,0.424264069,2,0.792428852,-0.245122458,0.035339214,-2.63905733,-0.405465108,-2.63905733,116,-0.405465108,1.738781492,darkgreen,1807,-0.665994796
79,79,666,1796,m6_5_116,AS,m,abu,Mean biomass (kg/ha),sel,pla,1.5,14,p,0.25,0.014142136,2,0.23,0.056568542,2,0.277183573,-0.083381609,0.031845746,-2.63905733,-0.405465108,-2.63905733,116,-0.405465108,1.752962084,darkgreen,1796,-0.665994796
90,90,680,1810,m6_5_116,AS,m,abu,Mean population density (N/ha),sel,pla,1.5,14,p,0.5,0.707106781,2,0.6,0.282842712,2,-0.106111622,0.182321557,1.11111111,-2.63905733,-0.405465108,-2.63905733,116,-0.405465108,1.269027528,darkgreen,1810,-0.665994796
94,94,686,1816,m6_5_116,AS,m,abu,Mean population density (N/ha),sel,pla,1.5,14,p,4.6,0.424264069,2,5.55,1.202081528,2,-0.602245927,0.187741624,0.027709196,-2.63905733,-0.405465108,-2.63905733,116,-0.405465108,1.771917707,darkgreen,1816,-0.665994796
86,86,676,1806,m6_5_116,AS,m,abu,Mean biomass (kg/ha),sel,pla,1.5,14,p,0.52,0.056568542,2,0.82,0.296984848,2,-0.801909034,0.455475529,0.07150312,-2.63905733,-0.405465108,-2.63905733,116,-0.405465108,1.642770376,darkgreen,1806,-0.665994796
82,82,669,1799,m6_5_116,AS,m,abu,Mean biomass (kg/ha),sel,pla,1.5,14,p,0.015,0.021213203,2,0.025,0.021213203,2,-0.269374017,0.510825624,1.359999944,-2.63905733,-0.405465108,-2.63905733,116,-0.405465108,1.241491205,darkgreen,1799,-0.665994796
89,89,679,1809,m6_5_116,AS,m,abu,Mean population density (N/ha),sel,pla,1.5,14,p,0.4,0.282842712,2,0.7,0.141421356,2,-0.766651879,0.559615788,0.270408162,-2.63905733,-0.405465108,-2.63905733,116,-0.405465108,1.461552135,darkgreen,1809,-0.665994796
81,81,668,1798,m6_5_116,AS,m,abu,Mean biomass (kg/ha),sel,pla,1.5,14,p,0.02,0.014142136,2,0.04,0,2,-1.142857112,0.693147181,0.250000013,-2.63905733,-0.405465108,-2.63905733,116,-0.405465108,1.472242685,darkgreen,1798,-0.665994796
93,93,684,1814,m6_5_116,AS,m,abu,Mean population density (N/ha),sel,pla,1.5,14,p,0.1,0.141421356,2,0.2,0.282842712,2,-0.255550626,0.693147181,1.999999993,-2.63905733,-0.405465108,-2.63905733,116,-0.405465108,1.188950585,darkgreen,1814,-0.665994796
80,80,667,1797,m6_5_116,AS,m,abu,Mean biomass (kg/ha),sel,pla,1.5,14,p,0.07,0.042426407,2,0.16,0.070710678,2,-0.881992724,0.826678573,0.28132972,-2.63905733,-0.405465108,-2.63905733,116,-0.405465108,1.456157945,darkgreen,1797,-0.665994796
88,88,678,1808,m6_5_116,AS,m,abu,Mean population density (N/ha),sel,pla,1.5,14,p,0.4,0.282842712,2,0.95,0.494974747,2,-0.779646903,0.864997437,0.385734071,-2.63905733,-0.405465108,-2.63905733,116,-0.405465108,1.413159433,darkgreen,1808,-0.665994796
92,92,682,1812,m6_5_116,AS,m,abu,Mean population density (N/ha),sel,pla,1.5,14,p,0.1,0.141421356,2,0.5,0.707106781,2,-0.448265452,1.609437912,1.999999996,-2.63905733,-0.405465108,-2.63905733,116,-0.405465108,1.188950584,darkgreen,1812,-0.665994796
84,84,671,1801,m6_5_116,AS,m,abu,Mean biomass (kg/ha),sel,pla,1.5,14,p,0.02,0.028284271,2,0.16,0.22627417,2,-0.496138938,2.079441542,1.999999983,-2.63905733,-0.405465108,-2.63905733,116,-0.405465108,1.188950585,darkgreen,1801,-0.665994796
110,110,712,1932,m6_5_122,AF,m,abu,Mean number of individuals captured,agr,nat,9,3,p,39.65,19.1,4,2.56,1.54,4,2.380310081,-2.74008369,0.148481697,-1.098612289,-2.197224577,-1.098612289,122,-2.197224577,1.543220868,darkgreen,1932,0.631623772
134,134,736,1956,m6_5_122,AF,m,abu,Mean number of individuals captured,sec,nat,12,10,p,39.65,19.1,4,7.1,9.14,4,1.890426328,-1.719996164,0.472313071,-2.302585093,-2.48490665,-2.302585093,122,-2.48490665,1.385572742,darkgreen,1956,-0.382562015
112,112,714,1934,m6_5_122,AF,m,abu,Mean number of individuals captured,agr,nat,9,3,p,38.1,12.22,4,9.1,10,4,2.258547768,-1.431939869,0.327613627,-1.098612289,-2.197224577,-1.098612289,122,-2.197224577,1.435408366,darkgreen,1934,0.631623772
137,137,739,1959,m6_5_122,AF,m,abu,Mean number of individuals captured,sec,nat,12,10,p,8.17,5.36,4,2.03,1.52,4,1.355266403,-1.392433116,0.247766828,-2.302585093,-2.48490665,-2.302585093,122,-2.48490665,1.473465102,darkgreen,1959,-0.382562015
133,133,735,1955,m6_5_122,AF,m,abu,Mean number of individuals captured,sec,nat,11,34,p,39.65,19.1,4,12.05,6.66,4,1.677940987,-1.191026288,0.134380857,-3.526360525,-2.397895273,-3.526360525,122,-2.397895273,1.556814873,darkgreen,1955,-1.413428863
108,108,710,1930,m6_5_122,AF,m,abu,Mean number of individuals captured,agr,nat,9,3,p,27.82,5.1,4,9.1,7.7,4,2.492576443,-1.117480773,0.187395762,-1.098612289,-2.197224577,-1.098612289,122,-2.197224577,1.511510734,darkgreen,1930,0.631623772
128,128,730,1950,m6_5_122,AF,m,abu,Mean number of individuals captured,sec,nat,11,34,p,27.82,5.1,4,13.97,6.68,4,2.026585585,-0.688843013,0.065562719,-3.526360525,-2.397895273,-3.526360525,122,-2.397895273,1.654586537,darkgreen,1950,-1.413428863
104,104,706,1926,m6_5_122,AF,m,abu,Mean number of individuals captured,agr,nat,9,3,p,1.01,0.52,4,0.51,1.04,4,0.528808973,-0.683294884,1.105868167,-1.098612289,-2.197224577,-1.098612289,122,-2.197224577,1.269671893,darkgreen,1926,0.631623772
120,120,722,1942,m6_5_122,AF,m,abu,Mean number of individuals captured,sec,nat,11,34,p,0.48,0,4,0.26,0.5,4,0.541090406,-0.613104473,0.924556213,-3.526360525,-2.397895273,-3.526360525,122,-2.397895273,1.294067732,darkgreen,1942,-1.413428863
102,102,704,1924,m6_5_122,AF,m,abu,Mean number of individuals captured,abn,nat,13,13,p,8.17,5.36,4,4.78,3.12,4,0.672186263,-0.536028362,0.214114012,-2.564949357,-2.564949357,-2.564949357,122,-2.564949357,1.493352571,darkgreen,1924,-0.603568758
101,101,703,1923,m6_5_122,AF,m,abu,Mean number of individuals captured,abn,nat,13,13,p,39.65,19.1,4,24.7,6.2,4,0.915527011,-0.473287704,0.073764111,-2.564949357,-2.564949357,-2.564949357,122,-2.564949357,1.638529222,darkgreen,1923,-0.603568758
111,111,713,1933,m6_5_122,AF,m,abu,Mean number of individuals captured,agr,nat,9,3,p,8.17,5.36,4,5.64,4.62,4,0.439674761,-0.370584843,0.275354516,-1.098612289,-2.197224577,-1.098612289,122,-2.197224577,1.459082624,darkgreen,1933,0.631623772
129,129,731,1951,m6_5_122,AF,m,abu,Mean number of individuals captured,sec,nat,12,10,p,27.82,5.1,4,19.28,2.28,4,1.879919602,-0.366686897,0.011897874,-2.302585093,-2.48490665,-2.302585093,122,-2.48490665,1.887091154,darkgreen,1951,-0.382562015
118,118,720,1940,m6_5_122,AF,m,abu,Mean number of individuals captured,sec,nat,12,10,p,1.25,1.04,4,0.89,1.52,4,0.24037635,-0.339677368,0.902256858,-2.302585093,-2.48490665,-2.302585093,122,-2.48490665,1.297393848,darkgreen,1940,-0.382562015
139,139,741,1961,m6_5_122,AF,m,abu,Mean number of individuals captured,sec,nat,11,34,p,38.1,12.22,4,27.18,10,4,0.850460056,-0.337732873,0.059558558,-3.526360525,-2.397895273,-3.526360525,122,-2.397895273,1.667671504,darkgreen,1961,-1.413428863
127,127,729,1949,m6_5_122,AF,m,abu,Mean number of individuals captured,sec,nat,12,28,p,27.82,5.1,4,20.2,6.58,4,1.125603561,-0.320072582,0.034928736,-3.33220451,-2.48490665,-3.33220451,122,-2.48490665,1.740373174,darkgreen,1949,-1.249878433
140,140,742,1962,m6_5_122,AF,m,abu,Mean number of individuals captured,sec,nat,12,10,p,38.1,12.22,4,29.94,10.64,4,0.619314474,-0.241018903,0.057290998,-2.302585093,-2.48490665,-2.302585093,122,-2.48490665,1.672959656,darkgreen,1962,-0.382562015
99,99,701,1921,m6_5_122,AF,m,abu,Mean number of individuals captured,abn,nat,13,13,p,27.82,5.1,4,24.31,3.1,4,0.723231472,-0.134867398,0.012466988,-2.564949357,-2.564949357,-2.564949357,122,-2.564949357,1.880725669,darkgreen,1921,-0.603568758
132,132,734,1954,m6_5_122,AF,m,abu,Mean number of individuals captured,sec,nat,12,28,p,39.65,19.1,4,35.79,10.64,4,0.217110891,-0.102422423,0.080107635,-3.33220451,-2.48490665,-3.33220451,122,-2.48490665,1.627290015,darkgreen,1954,-1.249878433
138,138,740,1960,m6_5_122,AF,m,abu,Mean number of individuals captured,sec,nat,12,28,p,38.1,12.22,4,35.18,5.08,4,0.271339977,-0.079736543,0.030930577,-3.33220451,-2.48490665,-3.33220451,122,-2.48490665,1.756934495,darkgreen,1960,-1.249878433
136,136,738,1958,m6_5_122,AF,m,abu,Mean number of individuals captured,sec,nat,11,34,p,8.17,5.36,4,7.69,4.62,4,0.083416555,-0.060548125,0.197837494,-3.526360525,-2.397895273,-3.526360525,122,-2.397895273,1.504123652,darkgreen,1958,-1.413428863
106,106,708,1928,m6_5_122,AF,m,abu,Mean number of individuals captured,agr,nat,9,3,p,7.59,3.56,4,8.46,2.82,4,-0.235574839,0.108517582,0.082776988,-1.098612289,-2.197224577,-1.098612289,122,-2.197224577,1.622824387,darkgreen,1928,0.631623772
103,103,705,1925,m6_5_122,AF,m,abu,Mean number of individuals captured,abn,nat,13,13,p,38.1,12.22,4,43.06,12.94,4,-0.342708945,0.12238021,0.048294423,-2.564949357,-2.564949357,-2.564949357,122,-2.564949357,1.696232281,darkgreen,1925,-0.603568758
135,135,737,1957,m6_5_122,AF,m,abu,Mean number of individuals captured,sec,nat,12,28,p,8.17,5.36,4,10.24,3.54,4,-0.396293159,0.225832711,0.137480934,-3.33220451,-2.48490665,-3.33220451,122,-2.48490665,1.553707732,darkgreen,1957,-1.249878433
124,124,726,1946,m6_5_122,AF,m,abu,Mean number of individuals captured,sec,nat,12,10,p,7.59,3.56,4,9.77,5.06,4,-0.433314848,0.252484875,0.122057414,-2.302585093,-2.48490665,-2.302585093,122,-2.48490665,1.569918805,darkgreen,1946,-0.382562015
125,125,727,1947,m6_5_122,AF,m,abu,Mean number of individuals captured,sec,nat,12,28,p,0.44,1.02,4,0.57,1.52,4,-0.087334584,0.258861634,3.121269513,-3.33220451,-2.48490665,-3.33220451,122,-2.48490665,1.12831352,darkgreen,1947,-1.249878433
96,96,698,1918,m6_5_122,AF,m,abu,Mean number of individuals captured,abn,nat,13,13,p,1.25,1.04,4,1.94,1.8,4,-0.40817271,0.439544422,0.388275471,-2.564949357,-2.564949357,-2.564949357,122,-2.564949357,1.412264798,darkgreen,1918,-0.603568758
98,98,700,1920,m6_5_122,AF,m,abu,Mean number of individuals captured,abn,nat,13,13,p,7.59,3.56,4,12.54,5.44,4,-0.936312059,0.502091944,0.10204738,-2.564949357,-2.564949357,-2.564949357,122,-2.564949357,1.594312218,darkgreen,1920,-0.603568758
126,126,728,1948,m6_5_122,AF,m,abu,Mean number of individuals captured,sec,nat,12,10,p,0.44,1.02,4,0.89,0.76,4,-0.435051242,0.704446736,1.52579195,-2.302585093,-2.48490665,-2.302585093,122,-2.48490665,1.225820272,darkgreen,1948,-0.382562015
122,122,724,1944,m6_5_122,AF,m,abu,Mean number of individuals captured,sec,nat,12,28,p,7.59,3.56,4,15.87,6.08,4,-1.445212163,0.737598943,0.091693063,-3.33220451,-2.48490665,-3.33220451,122,-2.48490665,1.608888036,darkgreen,1944,-1.249878433
116,116,718,1938,m6_5_122,AF,m,abu,Mean number of individuals captured,sec,nat,12,28,p,1.25,1.04,4,2.8,1.52,4,-1.034953729,0.806475866,0.246729469,-3.33220451,-2.48490665,-3.33220451,122,-2.48490665,1.474036692,darkgreen,1938,-1.249878433
114,114,716,1936,m6_5_122,AF,m,abu,Mean number of individuals captured,sec,nat,11,34,p,1.01,0.52,4,2.31,3.08,4,-0.511807692,0.827297194,0.510712457,-3.526360525,-2.397895273,-3.526360525,122,-2.397895273,1.374924001,darkgreen,1936,-1.413428863
115,115,717,1937,m6_5_122,AF,m,abu,Mean number of individuals captured,sec,nat,12,10,p,1.01,0.52,4,2.41,0.5,4,-2.386583035,0.869676417,0.077028847,-2.302585093,-2.48490665,-2.302585093,122,-2.48490665,1.632629214,darkgreen,1937,-0.382562015
117,117,719,1939,m6_5_122,AF,m,abu,Mean number of individuals captured,sec,nat,11,34,p,1.25,1.04,4,3.08,2.3,4,-0.891546492,0.901786046,0.312466103,-3.526360525,-2.397895273,-3.526360525,122,-2.397895273,1.441857574,darkgreen,1939,-1.413428863
97,97,699,1919,m6_5_122,AF,m,abu,Mean number of individuals captured,abn,nat,13,13,p,0.47,0,4,1.29,0.52,4,-1.939222611,1.009664803,0.040622559,-2.564949357,-2.564949357,-2.564949357,122,-2.564949357,1.719799869,darkgreen,1919,-0.603568758
121,121,723,1943,m6_5_122,AF,m,abu,Mean number of individuals captured,sec,nat,12,28,p,0.47,0,4,1.3,0.52,4,-1.962871667,1.017386849,0.04,-3.33220451,-2.48490665,-3.33220451,122,-2.48490665,1.72190389,darkgreen,1943,-1.249878433
130,130,732,1952,m6_5_122,AF,m,abu,Mean number of individuals captured,sec,nat,11,34,p,0.93,0.76,4,3.46,3.84,4,-0.794809306,1.313839282,0.474884482,-3.526360525,-2.397895273,-3.526360525,122,-2.397895273,1.384833052,darkgreen,1952,-1.413428863
131,131,733,1953,m6_5_122,AF,m,abu,Mean number of individuals captured,sec,nat,12,10,p,0.93,0.76,4,3.68,2.78,4,-1.173421086,1.375483445,0.309626145,-2.302585093,-2.48490665,-2.302585093,122,-2.48490665,1.443101453,darkgreen,1953,-0.382562015
95,95,697,1917,m6_5_122,AF,m,abu,Mean number of individuals captured,abn,nat,13,13,p,1.01,0.52,4,4.78,0.52,4,-6.304347826,1.554490216,0.069226645,-2.564949357,-2.564949357,-2.564949357,122,-2.564949357,1.647178285,darkgreen,1917,-0.603568758
119,119,721,1941,m6_5_122,AF,m,abu,Mean number of individuals captured,sec,nat,12,28,p,0.48,0,4,2.43,3.04,4,-0.788820494,1.621860432,0.391268269,-3.33220451,-2.48490665,-3.33220451,122,-2.48490665,1.411218737,darkgreen,1941,-1.249878433
100,100,702,1922,m6_5_122,AF,m,abu,Mean number of individuals captured,abn,nat,13,13,p,0.93,0.76,4,4.78,3.12,4,-1.474369828,1.637011239,0.273466458,-2.564949357,-2.564949357,-2.564949357,122,-2.564949357,1.460019979,darkgreen,1922,-0.603568758
123,123,725,1945,m6_5_122,AF,m,abu,Mean number of individuals captured,sec,nat,11,34,p,7.59,3.56,4,40.64,11.02,4,-3.509551045,1.677921212,0.073381339,-3.526360525,-2.397895273,-3.526360525,122,-2.397895273,1.639238004,darkgreen,1945,-1.413428863
113,113,715,1935,m6_5_122,AF,m,abu,Mean number of individuals captured,sec,nat,12,28,p,1.01,0.52,4,5.45,2.28,4,-2.334823775,1.685665278,0.110021906,-3.33220451,-2.48490665,-3.33220451,122,-2.48490665,1.584061609,darkgreen,1935,-1.249878433
105,105,707,1927,m6_5_122,AF,m,abu,Mean number of individuals captured,agr,nat,9,3,p,1.25,1.04,4,6.79,5.4,4,-1.238866587,1.69230739,0.331176427,-1.098612289,-2.197224577,-1.098612289,122,-2.197224577,1.43393481,darkgreen,1927,0.631623772
109,109,711,1931,m6_5_122,AF,m,abu,Mean number of individuals captured,agr,nat,9,3,p,0.93,0.76,4,16.41,10,4,-1.898180378,2.870461598,0.259793091,-1.098612289,-2.197224577,-1.098612289,122,-2.197224577,1.467007929,darkgreen,1931,0.631623772
107,107,709,1929,m6_5_122,AF,m,abu,Mean number of individuals captured,agr,nat,9,3,p,0.44,1.02,4,10.64,2.3,4,-4.985420015,3.185601036,1.355173607,-1.098612289,-2.197224577,-1.098612289,122,-2.197224577,1.241975531,darkgreen,1929,0.631623772
142,142,755,1987,m6_5_123,SA,m,abu,Mean abundance,sec,nat,3.2,12,p,0.87,0.79,6,0.07,0,6,1.321952308,-2.51999797,0.137424583,-2.48490665,-1.16315081,-2.48490665,123,-1.16315081,1.553763584,darkgreen,1987,-0.536143501
141,141,751,1979,m6_5_123,SA,m,abu,Mean abundance,sec,nat,2.3,12,p,28.87,9.43,6,22.91,8.22,6,0.621943992,-0.231229497,0.039237593,-2.48490665,-0.832909123,-2.48490665,123,-0.832909123,1.724525614,darkgreen,1979,-0.536143501
146,146,789,2031,m6_5_128,SA,m,abu,Mean encounter rate,sel,nat,17,1.333333333,p,0.42,0.155884573,3,0.05,0.08660254,3,2.347432692,-2.128231706,1.045918359,-0.287682072,-2.833213344,-0.287682072,128,-2.833213344,1.277264987,darkgreen,2031,1.314723836
147,147,790,2032,m6_5_128,SA,m,abu,Mean encounter rate,sel,nat,17,1.333333333,p,1.49,0.519615242,3,0.63,0.346410162,3,1.558013199,-0.86081158,0.141319768,-0.287682072,-2.833213344,-0.287682072,128,-2.833213344,1.549955838,darkgreen,2032,1.314723836
143,143,786,2028,m6_5_128,SA,m,abu,Density estimate,sel,nat,17,1.333333333,p,6.9,17.99254379,3,3.6,14.93720616,3,0.159655586,-0.650587566,8.005238485,-0.287682072,-2.833213344,-0.287682072,128,-2.833213344,1,darkgreen,2028,1.314723836
148,148,791,2033,m6_5_128,SA,m,abu,Mean encounter rate,sel,nat,17,1.333333333,p,0.84,0.294448637,3,0.67,0.45033321,3,0.357461787,-0.226124179,0.191548382,-0.287682072,-2.833213344,-0.287682072,128,-2.833213344,1.508524787,darkgreen,2033,1.314723836
144,144,787,2029,m6_5_128,SA,m,abu,Density estimate,sel,nat,17,1.333333333,p,4.6,14.93720616,3,5.4,19.35047162,3,-0.037025752,0.16034265,7.795111061,-0.287682072,-2.833213344,-0.287682072,128,-2.833213344,1.00362376,darkgreen,2029,1.314723836
145,145,788,2030,m6_5_128,SA,m,abu,Density estimate,sel,nat,17,1.333333333,p,10.5,32.92974995,3,14.9,26.8190747,3,-0.117215162,0.349985956,4.358439258,-0.287682072,-2.833213344,-0.287682072,128,-2.833213344,1.082828265,darkgreen,2030,1.314723836
149,149,792,2034,m6_5_128,SA,m,abu,Mean encounter rate,sel,nat,17,1.333333333,p,3.85,1.732050808,3,6.25,1.506884203,3,-1.182720372,0.484508315,0.086841643,-0.287682072,-2.833213344,-0.287682072,128,-2.833213344,1.616293818,darkgreen,2034,1.314723836
