,Unit_ID,ID.X,Study,Study.year,Country,Continent,Subgroup,Type,N2O.trt,SD.N2O.trt,N.N2O.trt,N2O.ctr,SD.N2O.ctr,N.N2O.ctr,d_N2O,var.d._N2O,d.soil.temp.,d.WFPS.,d.Yd.,d.pH.,d.C..,d.N.,d.NH4.N.,d.NO3.N.,d.N.available.,d.N.fert.,d.soil.temp..1,d.WFPS..1,d.Yd..1,d.pH..1,d.C...1,d.N..1,d.NH4.N..1,d.NO3.N..1,d.N.available..1,d.N.fert..1,index1,index2,index3,LRR,var.LRR,X,scale,col,Study.name,pr.st
2,2,5,Anderson_and_Levine,1987,USA,North America,LFC-Crop,D,2.08,2.83,77,0.53,0.68,21,0.61,0.06,0.17,NA,NA,0,NA,NA,-0.02,0.43,0.5,4.84,0.606898243,NA,NA,0.114710207,NA,NA,0.593178688,0.245478102,0.475225999,1,0.505915206,0.578470697,0.360804225,1.367246166,0.102428659,0.5,1.603119761,darkgreen,Anderson_and_Levine,0.340129959
1,1,4,Anderson_and_Levine,1987,USA,North America,LFC-Crop,D,0.61,0.43,56,0.53,0.68,21,0.16,0.07,0.25,NA,NA,0,NA,NA,0,-0.04,-0.03,2.39,0.72500776,NA,NA,0.114710207,NA,NA,0.595568278,0.163028057,0.368935692,0.493645996,0.410149332,0.405294506,0.419858983,0.140581951,0.087260879,-0.03,1.616843486,darkgreen,Anderson_and_Levine,-0.241050732
3,3,6,Arai_et_al.,2008,Indonesia,Asia,F-Pl,F,0.71,0.27,234,0.09,0.03,234,3.22,0.02,NA,0.39,0.01,0,NA,NA,-0.03,0.29,1.03,0,NA,0.702640505,0.631410386,0.116299524,NA,NA,0.59072672,0.22178385,0.579892206,0,0.406107599,0.348100694,0.483450138,2.0654553,0.001092843,1.03,1.991921127,darkgreen,Arai_et_al.,0.92131065
9,9,12,Brummer_et_al.,2008,Burkina Faso,Africa,LFC-Crop,D,0.51,0.53,79,0.67,1.28,98,-0.16,0.02,0,-1.78,0.01,0.07,0.01,0,0.01,0.05,0.5,0,0.377030737,0.002153121,0.633101579,0.179515957,0.605075619,0.480197699,0.596693001,0.1798829,0.474207121,0,0.352785773,0.346196144,0.359375403,-0.272866987,0.050913463,0.5,1.662979761,darkgreen,Brummer_et_al.,0.340129959
4,4,7,Brummer_et_al.,2008,Burkina Faso,Africa,LFC-Crop,D,0.26,0.2,143,0.52,0.16,162,-1.44,0.02,0,-1.66,0,0.08,0,0,0.01,0.06,0.44,0,0.377030737,0.039935794,0.625549437,0.187001449,0.6014489,0.478144711,0.597039842,0.180769659,0.463320169,0,0.35502407,0.343854876,0.366193263,-0.693147181,0.004722285,0.44,1.866598082,darkgreen,Brummer_et_al.,0.274335918
6,6,9,Brummer_et_al.,2008,Burkina Faso,Africa,LFC-Crop,D,0.22,0.07,103,0.52,0.16,162,-2.26,0.03,0,-1.6,0,0.07,0.01,0,0.03,0.17,0.48,0,0.377030737,0.058328225,0.627181328,0.180032411,0.604903604,0.480211351,0.600420796,0.199358595,0.470497357,0,0.35979644,0.35009762,0.369495261,-0.860201265,0.00156732,0.48,1.9610436,darkgreen,Brummer_et_al.,0.318198612
7,7,10,Brummer_et_al.,2008,Burkina Faso,Africa,LFC-Crop,D,0.2,0.06,93,0.52,0.16,162,-2.4,0.03,0,-1.57,0.01,0.07,0.01,0,0.01,0.06,0.4,0,0.377030737,0.069811557,0.633697648,0.179860627,0.605630595,0.480211351,0.59737343,0.181610559,0.455220189,0,0.358044669,0.342883106,0.373206233,-0.955511445,0.001552153,0.4,1.961876324,darkgreen,Brummer_et_al.,0.230473224
8,8,11,Brummer_et_al.,2008,Burkina Faso,Africa,LFC-Crop,D,0.14,0.12,101,0.67,1.28,98,-0.59,0.02,0,-1.78,0,0.08,0,0,0.01,0.06,0.44,0,0.377030737,0,0.625541857,0.186186401,0.601450395,0.47814902,0.597032119,0.180677223,0.463263772,0,0.350933152,0.343824427,0.358041878,-1.56563529,0.044517163,0.44,1.674476055,darkgreen,Brummer_et_al.,0.274335918
10,10,13,Brummer_et_al.,2008,Burkina Faso,Africa,LFC-Crop,D,0.13,0.16,96,0.67,1.28,98,-0.59,0.02,0,-1.77,0,0.07,0.01,0,0.03,0.16,0.48,0,0.377030737,0.002886846,0.627153381,0.179341531,0.604884737,0.480183998,0.60037243,0.199060824,0.471065701,0,0.354198019,0.350136591,0.358259447,-1.639743262,0.053022059,0.48,1.659504766,darkgreen,Brummer_et_al.,0.318198612
5,5,8,Brummer_et_al.,2008,Burkina Faso,Africa,LFC-Crop,D,0.07,0.03,104,0.52,0.16,162,-3.55,0.04,0,-1.63,0.01,0.07,0.01,0,0.01,0.05,0.5,0,0.377030737,0.05079717,0.633205675,0.180398386,0.60509034,0.480216583,0.596700091,0.179980102,0.473970359,0,0.357738944,0.346173427,0.369304461,-2.00533357,0.002350502,0.5,1.926340313,darkgreen,Brummer_et_al.,0.340129959
11,11,14,Brummer_et_al.,2008,Burkina Faso,Africa,LFC-Crop,D,0.01,0.04,97,0.67,1.28,98,-0.72,0.02,0,-1.77,0.01,0.07,0.01,0,0.01,0.06,0.41,0,0.377030737,0.00388401,0.633585304,0.179166668,0.605598226,0.480170248,0.597358178,0.181492971,0.455857778,0,0.351414412,0.342975835,0.359852989,-4.204692619,0.202191419,0.41,1.544885981,darkgreen,Brummer_et_al.,0.241438898
13,13,21,Castaldi_et_al.,2004,Venezuela,South America,LFC-DegF,D,0.91,0.06,10,0.55,0.09,10,4.51,0.71,NA,0.3,0,0.03,0.01,-0.05,-0.08,-0.01,0.04,NA,NA,0.673772706,0.622379593,0.139998267,0.606772505,0.31664673,0.58424984,0.169213159,0.383617086,NA,0.437081236,0.363431704,0.510730768,0.503526321,0.003112416,0.04,1.90229743,darkgreen,Castaldi_et_al.,-0.164291019
12,12,20,Castaldi_et_al.,2004,Venezuela,South America,LFC-Pa,D,0.69,0.09,10,0.55,0.09,10,1.49,0.26,NA,0.01,-0.01,0.02,0.14,-0.04,-0.02,0.05,0.8,2.72,NA,0.57869568,0.618163695,0.133729736,0.676523214,0.356084212,0.592617506,0.179370964,0.533741163,0.56250569,0.470159095,0.444863907,0.501778081,0.226773319,0.004379009,0.8,1.873060738,darkgreen,Castaldi_et_al.,0.669100161
14,14,22,Castaldi_et_al.,2004,Venezuela,South America,LFC-DegF,D,0.51,0.09,10,0.55,0.09,10,-0.43,0.2,NA,0.39,-0.01,0.05,0.01,-0.05,-0.05,-0.01,0.03,NA,NA,0.70291268,0.616121236,0.158842511,0.606757554,0.31664673,0.58769895,0.169654803,0.380267461,NA,0.442362741,0.363566986,0.521158495,-0.075507553,0.005791873,0.03,1.849115236,darkgreen,Castaldi_et_al.,-0.175256692
17,17,26,Davidson_et_al.,2008,Brazil,South America,DegF-AGF,D,2.21,2,208,0.61,0.6,104,0.96,0.02,NA,NA,0.01,0.02,NA,NA,0.01,0.06,0.31,0,NA,NA,0.629568353,0.130728424,NA,NA,0.596888441,0.180807509,0.436020869,0,0.329002266,0.303429205,0.380148388,1.287288837,0.013240134,0.31,1.778315105,darkgreen,Davidson_et_al.,0.131782164
16,16,25,Davidson_et_al.,2008,Brazil,South America,DegF-AGF,D,0.91,2.7,208,0.61,0.6,104,0.13,0.01,NA,NA,0.01,0.06,NA,NA,-0.05,0.23,1.32,1.39,NA,NA,0.633151363,0.170321999,NA,NA,0.587989158,0.209752839,0.63723945,0.287513994,0.4209948,0.43062386,0.401736681,0.399985642,0.051626194,1.32,1.661789325,darkgreen,Davidson_et_al.,1.239315179
15,15,23,Davidson_et_al.,1991,Mexico,North America,F-Pa,F,0.73,7.92,36,0.72,1.53,91,0,0.04,NA,NA,NA,0.07,NA,NA,0.01,-0.09,-0.74,0,NA,NA,NA,0.17997052,NA,NA,0.597717797,0.154571897,0.227670544,0,0.231986151,0.244990059,0.17997052,0.013793322,3.319278849,-0.74,1.305263475,darkgreen,Davidson_et_al.,-1.019613545
25,25,34,Erickson_et_al.,2002,Puerto Rico,North America,F-F,F,0.77,1.44,32,0.03,0.25,32,0.71,0.07,NA,-0.04,0.01,-0.08,-0.02,-0.01,0.03,0.49,0.64,0,NA,0.563709057,0.630075948,0.040149227,0.588778919,0.460722305,0.600769527,0.255239927,0.50292249,0,0.404707489,0.36393085,0.455678288,3.245193133,2.279432193,0.64,1.337445728,darkgreen,Erickson_et_al.,0.493649387
20,20,29,Erickson_et_al.,2001,Puerto Rico,North America,F-F,F,8.35,125.02,8,0.64,12.89,8,0.08,0.25,-0.01,-0.78,0,-0.07,-0.03,0,-0.15,0.17,1.44,0,0.357801992,0.325697281,0.622462026,0.053651321,0.585736804,0.474136976,0.573010375,0.200253855,0.662111096,0,0.385486173,0.38190246,0.389069885,2.568548641,78.72739835,1.44,1.034132247,darkgreen,Erickson_et_al.,1.37090326
24,24,33,Erickson_et_al.,2002,Puerto Rico,North America,F-F,F,0.04,0.5,32,0.03,0.25,32,0.03,0.06,NA,-0.04,0.01,-0.01,-0.09,-0.02,-0.05,0.01,0.5,0,NA,0.564881529,0.631091137,0.101440498,0.551220641,0.416549701,0.588602371,0.171409449,0.475312098,0,0.388945269,0.330374724,0.462158451,0.287682072,7.052951389,0.5,1.240722886,darkgreen,Erickson_et_al.,0.340129959
19,19,28,Erickson_et_al.,2001,Puerto Rico,North America,F-DegF,F,0.52,10.09,8,0.64,12.89,8,-0.01,0.25,0.1,-1.42,-0.01,NA,0.02,0,-0.05,-0.03,0.15,0,0.511807878,0.115824829,0.614848105,NA,0.611818664,0.487828387,0.588764788,0.165731128,0.405226426,0,0.389094467,0.329510146,0.463574869,-0.207639365,97.76925262,0.15,1.015582775,darkgreen,Erickson_et_al.,-0.043668611
18,18,27,Erickson_et_al.,2001,Puerto Rico,North America,F-Pa,F,0.51,11.77,8,0.64,12.89,8,-0.01,0.25,0.32,-0.42,0,-0.09,-0.02,0,-0.03,-0.26,-0.95,0,0.820559421,0.43964488,0.625,0.028712194,0.587417709,0.476086689,0.591201037,0.125090449,0.185409834,0,0.387912221,0.275557602,0.500266841,-0.227057451,117.2823463,-0.95,1,darkgreen,Erickson_et_al.,-1.249892687
21,21,30,Erickson_et_al.,2001,Puerto Rico,North America,F-Pa,F,0.69,16.26,8,1.66,16.82,8,-0.06,0.25,0.27,-0.3,0,-0.05,-0.07,-0.01,-0.22,-0.14,-0.28,0,0.751991271,0.479291087,0.622462026,0.072098701,0.563228552,0.448892134,0.561966045,0.146066284,0.319516199,0,0.39655123,0.295288132,0.497814327,-0.877881284,82.24845467,-0.28,1.030385566,darkgreen,Erickson_et_al.,-0.515192568
22,22,31,Erickson_et_al.,2001,Puerto Rico,North America,F-DegF,F,0.16,3.92,8,1.66,16.82,8,-0.12,0.25,0.03,-0.08,0,-0.02,-0.04,-0.01,-0.01,-0.09,-0.28,0,0.4251026,0.549639395,0.622462026,0.096503673,0.578874236,0.458670022,0.593799703,0.155243211,0.3197102,0,0.380000507,0.305484627,0.454516386,-2.339399066,87.86477083,-0.28,1.024729213,darkgreen,Erickson_et_al.,-0.515192568
23,23,32,Erickson_et_al.,2001,Puerto Rico,North America,F-F,F,0.08,2.24,8,1.66,16.82,8,-0.12,0.25,0.02,-0.35,0,-0.03,-0.01,-0.01,-0.22,-0.19,-0.66,0,0.405873855,0.464048954,0.625,0.090509102,0.596180112,0.456807866,0.562615711,0.137763349,0.243757026,0,0.358255598,0.280188791,0.436322405,-3.032546247,110.8335208,-0.66,1.004842906,darkgreen,Erickson_et_al.,-0.931888158
26,26,44,Galbally_et_al.,2010,Australia,Australia,LFC-Crop,D,0.42,0.73,60,0.17,0.24,60,0.46,0.03,NA,0.14,0,0.03,NA,0,0,0.09,1.34,0.13,NA,0.620611247,0.623522436,0.140501023,NA,0.4773724,0.596043446,0.186762476,0.641561889,0.026578926,0.41411923,0.385663827,0.461544902,0.904456274,0.083567577,1.34,1.620546774,darkgreen,Galbally_et_al.,1.261246526
27,27,45,Garcia-Mendez_et_al.,1991,Mexico,North America,F-Pa,F,0.3,0.64,72,0.33,0.53,72,-0.05,0.03,NA,NA,NA,NA,NA,NA,-0.03,-0.05,0.04,0,NA,NA,NA,NA,NA,NA,0.59151226,0.162552971,0.382984892,0,0.28426253,0.28426253,NA,-0.09531018,0.099035303,0.04,1.606004712,darkgreen,Garcia-Mendez_et_al.,-0.164291019
28,28,46,Garcia-Mendez_et_al.,1991,Mexico,North America,F-Pa,F,0.3,0.64,72,0.43,0.73,72,-0.19,0.03,NA,NA,NA,NA,NA,NA,-0.03,-0.05,0.04,0,NA,NA,NA,NA,NA,NA,0.591527145,0.162575726,0.383012739,0,0.284278903,0.284278903,NA,-0.360002734,0.103239021,0.04,1.602444952,darkgreen,Garcia-Mendez_et_al.,-0.164291019
30,30,50,Inubushi_et_al.,2003,Indonesia,Asia,WF-R,W,-1.1,0.8,45,-0.51,0.44,45,-0.91,0.05,NA,NA,NA,0,-0.37,-0.03,-3.87,0.36,0.29,0,NA,NA,NA,0.114710207,0.395066506,0.381625594,0,0.233162005,0.432924455,0,0.222498395,0.209542411,0.254888357,0.768654733,0.028294549,0.29,1.713284879,darkgreen,Inubushi_et_al.,0.109850817
29,29,49,Inubushi_et_al.,2003,Indonesia,Asia,WF-DegF,W,-0.37,0.82,45,-0.51,0.44,45,0.21,0.04,NA,NA,NA,-0.04,-0.37,0.01,-2.16,-0.15,0.02,0,NA,NA,NA,0.081533236,0.395066506,0.491902341,0.264156665,0.144255813,0.377893603,0,0.250686881,0.255641685,0.238299871,-0.32090772,0.125687632,0.02,1.585596649,darkgreen,Inubushi_et_al.,-0.186222365
34,34,54,Ishizuka_et_al.,2002,Indonesia,Asia,F-DegF,F,1.41,1.07,9,0.13,0.05,9,1.61,0.29,NA,0.28,-0.02,0.04,0.01,0,-0.03,0.07,0.85,0,NA,0.667986639,0.610398848,0.147641047,0.607686712,0.484792821,0.59124846,0.181880825,0.544198424,0,0.426203753,0.360424106,0.508428312,2.383810533,0.080422829,0.85,1.6238314,darkgreen,Ishizuka_et_al.,0.723928528
33,33,53,Ishizuka_et_al.,2002,Indonesia,Asia,F-DegF,F,0.56,0.43,9,0.13,0.05,9,1.34,0.27,NA,0.09,-0.01,-0.01,0.04,0.03,0.06,0.14,0.1,0,NA,0.606665586,0.61364758,0.103733261,0.623794303,0.556183106,0.605569431,0.195249048,0.395696149,0,0.41117094,0.350539547,0.486960183,1.460402333,0.081948176,0.1,1.622222465,darkgreen,Ishizuka_et_al.,-0.098496978
32,32,52,Ishizuka_et_al.,2002,Indonesia,Asia,F-DegF,F,0.24,0.19,9,0.13,0.05,9,0.75,0.24,NA,0.36,0,-0.01,0.02,0.01,-0.04,0.16,1.43,0,NA,0.694438858,0.62878414,0.103733261,0.609297471,0.49524018,0.589248573,0.198992951,0.659729557,0,0.442162777,0.388642252,0.509063432,0.613104473,0.086073901,1.43,1.6180163,darkgreen,Ishizuka_et_al.,1.359937587
36,36,56,Ishizuka_et_al.,2005,Indonesia,Asia,F-Pl,F,1.34,1.69,49,0.82,0.65,49,0.4,0.04,0.13,0.28,NA,-0.02,-0.73,-0.11,0,-0.05,-0.77,0,0.561931057,0.667583523,NA,0.095625172,0.193945205,0.149439597,0.595777202,0.162027058,0.221934898,0,0.294251524,0.225835751,0.379771239,0.491120553,0.045284829,-0.77,1.673011984,darkgreen,Ishizuka_et_al.,-1.052510565
37,37,57,Ishizuka_et_al.,2005,Indonesia,Asia,F-Pl,F,1,0.97,35,0.82,0.65,49,0.22,0.05,0.14,0.39,NA,-0.02,-1.08,-0.16,-0.05,-0.06,-0.54,NA,0.56581257,0.702450673,NA,0.100271321,0,0,0.588328879,0.159272744,0.267999245,NA,0.298016929,0.253900217,0.342133641,0.198450939,0.039706249,-0.54,1.684269442,darkgreen,Ishizuka_et_al.,-0.800300077
35,35,55,Ishizuka_et_al.,2005,Indonesia,Asia,F-Crop,F,0.52,0.54,21,0.82,0.65,49,-0.48,0.07,-0.27,0.64,NA,0.07,0.72,0.18,0.03,-0.04,-0.88,0,0,0.782956456,NA,0.176056932,1,1,0.600611023,0.163984689,0.198920084,0,0.435836576,0.392703159,0.489753347,-0.455475529,0.064175886,-0.88,1.64315598,darkgreen,Ishizuka_et_al.,-1.173132973
31,31,51,Ishizuka_et_al.,2002,Indonesia,Asia,F-Pl,F,0.06,0.04,9,0.13,0.05,9,-1.47,0.28,NA,0.73,-0.01,0.03,-0.04,0,-0.04,-0.09,-0.17,0,NA,0.811802135,0.618377755,0.142152573,0.577082288,0.463898104,0.589378131,0.155038293,0.34023536,0,0.41088496,0.309709978,0.537353688,-0.773189888,0.065819271,-0.17,1.640990768,darkgreen,Ishizuka_et_al.,-0.39457016
38,38,58,Ishizuka_et_al.,2005,Indonesia,Asia,F-Crop,F,0.12,0.11,35,0.82,0.65,49,-1.38,0.06,0.12,-0.12,NA,0.01,-1.06,-0.14,0,-0.05,-0.75,0,0.540274609,0.536854586,NA,0.120354118,0.012337224,0.074302269,0.596053548,0.161898866,0.224348752,0,0.251824886,0.211320687,0.302455134,-1.921812597,0.036831329,-0.75,1.690705511,darkgreen,Ishizuka_et_al.,-1.030579219
41,41,66,Keller_and_Reiners,1994,Costa Rica,North America,F-F,F,3.74,1.1,288,5.86,2.62,288,-1.05,0.01,0.03,0,0,NA,NA,NA,0,-0.04,-0.23,0,0.416348548,0.576606247,0.625909411,NA,NA,NA,0.596210489,0.163551072,0.328707116,0,0.38676184,0.272117169,0.539621402,-0.449063992,0.000994454,-0.23,2,darkgreen,Keller_and_Reiners,-0.460364201
40,40,65,Keller_and_Reiners,1994,Costa Rica,North America,F-Pa,F,1.55,1.14,288,5.86,2.62,288,-2.13,0.01,0.23,0.5,0.01,NA,NA,NA,0.02,-0.15,-1.88,0,0.69381112,0.737771031,0.629956292,NA,NA,NA,0.59836511,0.143828664,0,0,0.400533174,0.185548444,0.687179481,-1.329894673,0.00257234,-1.88,1.918617414,darkgreen,Keller_and_Reiners,-2.269700315
39,39,64,Keller_and_Reiners,1994,Costa Rica,North America,F-DegF,F,0.86,0.42,288,5.86,2.62,288,-2.66,0.01,0.13,0,0,NA,NA,NA,0.02,-0.13,-1.37,0,0.552338759,0.576606247,0.624863588,NA,NA,NA,0.598525399,0.148453327,0.101640457,0,0.371775397,0.212154796,0.584602865,-1.918972493,0.001522239,-1.37,1.963542776,darkgreen,Keller_and_Reiners,-1.71045097
42,42,70,Livesley_et_al.,2009,Australia,Australia,LFC-Pa,D,2.33,43.97,489,0.16,2.23,382,0.07,0,NA,NA,0,0.01,0.08,0.02,0.04,0.53,2.89,0,NA,NA,0.625,0.124105644,0.646436132,0.523439066,0.601812514,0.262514989,0.951118651,0,0.466803374,0.467777044,0.465180592,2.678449731,1.23678776,2.89,1.389801786,darkgreen,Livesley_et_al.,2.960925906
44,44,72,Livesley_et_al.,2009,Australia,Australia,LFC-Pl,D,0.15,2.25,391,0.16,2.23,382,0,0.01,NA,NA,0.01,-0.01,0.08,0.01,0.06,-0.01,-0.35,0,NA,NA,0.630001763,0.105410555,0.644125733,0.502955859,0.605676412,0.168763945,0.305342663,0,0.370284616,0.316547776,0.459846017,-0.064538521,1.08396565,-0.35,1.401095878,darkgreen,Livesley_et_al.,-0.591952282
43,43,71,Livesley_et_al.,2009,Australia,Australia,LFC-Pl,D,0.12,5.71,506,0.16,2.23,382,-0.01,0,NA,NA,0,0.02,0.05,0.01,0.06,-0.01,-0.35,0,NA,NA,0.623181177,0.128732004,0.628837699,0.491756264,0.605221289,0.168756231,0.305235036,0,0.368964962,0.314193764,0.460250293,-0.287682072,4.983169485,-0.35,1.270469673,darkgreen,Livesley_et_al.,-0.591952282
47,47,77,Meixner_et_al.,1997,Zimbabwe,Africa,LFC-Crop,D,2.87,6.2,11,0.2,0.36,28,0.81,0.14,0.33,0.14,-0.01,0,NA,NA,2.63,0.15,-0.76,0.39,0.833491556,0.623156532,0.615086668,0.114710207,NA,NA,1,0.195750556,0.222803757,0.079743004,0.460592785,0.374574329,0.546611241,2.663749942,0.539969218,-0.76,1.460770073,darkgreen,Meixner_et_al.,-1.041544892
46,46,76,Meixner_et_al.,1997,Zimbabwe,Africa,LFC-Crop,D,0.88,1.9,9,0.2,0.36,28,0.69,0.15,0.29,0.03,-0.01,-0.13,NA,NA,0.09,0.08,0.22,0,0.781955657,0.586853876,0.615041452,0,NA,NA,0.609364733,0.184545016,0.419119968,0,0.399610088,0.303257429,0.495962746,1.481604541,0.633678014,0.22,1.447066513,darkgreen,Meixner_et_al.,0.033091103
45,45,75,Meixner_et_al.,1997,Zimbabwe,Africa,LFC-Pa,D,0.51,1.9,40,0.2,0.36,28,0.21,0.06,0.25,0.05,-0.01,0,0.02,0,0.12,0.04,-0.04,0,0.730419758,0.593016757,0.619543532,0.114710207,0.611127773,0.476086689,0.614479517,0.177891726,0.367276606,0,0.430455256,0.327146908,0.533763605,0.936093359,0.462696216,-0.04,1.473995174,darkgreen,Meixner_et_al.,-0.252016406
49,49,79,Melillo_et_al.,2001,Brazil,South America,F-Pa,F,5.13,0.48,19,1.94,1.12,2,5.74,1.34,NA,NA,0,NA,NA,NA,-0.04,0.32,1.56,0,NA,NA,0.625,NA,NA,NA,0.589237799,0.22617419,0.685063887,0,0.425095175,0.375118969,0.625,0.972417686,0.167109734,1.56,1.561204341,darkgreen,Melillo_et_al.,1.502491341
56,56,86,Melillo_et_al.,2001,Brazil,South America,F-Pa,F,4.86,2.6,2,1.94,1.12,2,0.83,1.09,NA,NA,0,NA,NA,NA,0.04,0.42,1.6,0,NA,NA,0.625,NA,NA,NA,0.601531578,0.244177675,0.694523129,0,0.433046476,0.385058095,0.625,0.918350465,0.309750445,1.6,1.508359547,darkgreen,Melillo_et_al.,1.546354035
55,55,85,Melillo_et_al.,2001,Brazil,South America,F-Pa,F,3.09,2.94,8,1.94,1.12,2,0.37,0.63,NA,NA,0,NA,NA,NA,-0.15,0.18,1.58,0,NA,NA,0.625,NA,NA,NA,0.573572169,0.202286388,0.689779593,0,0.41812763,0.366409538,0.625,0.465483118,0.279807592,1.58,1.517065287,darkgreen,Melillo_et_al.,1.524422688
54,54,84,Melillo_et_al.,2001,Brazil,South America,F-Pa,F,1.91,1.18,29,1.94,1.12,2,-0.02,0.53,NA,NA,0,NA,NA,NA,-0.06,0.09,0.75,0,NA,NA,0.625,NA,NA,NA,0.586594795,0.187012718,0.524460283,0,0.384613559,0.324516949,0.625,-0.015584731,0.179810268,0.75,1.554931677,darkgreen,Melillo_et_al.,0.614271794
53,53,83,Melillo_et_al.,2001,Brazil,South America,F-Pa,F,1.45,1.2,16,1.94,1.12,2,-0.39,0.57,NA,NA,0,NA,NA,NA,-0.06,-0.04,-0.3,0,NA,NA,0.625,NA,NA,NA,0.587178705,0.162965785,0.314638987,0,0.337956695,0.266195869,0.625,-0.291124417,0.209455136,-0.3,1.541863632,darkgreen,Melillo_et_al.,-0.537123915
52,52,82,Melillo_et_al.,2001,Brazil,South America,F-Pa,F,1.33,0.98,10,1.94,1.12,2,-0.57,0.61,NA,NA,0,NA,NA,NA,0.11,-0.04,-0.38,0,NA,NA,0.625,NA,NA,NA,0.612635219,0.163298211,0.299265289,0,0.340039744,0.26879968,0.625,-0.377509031,0.220942582,-0.38,1.537291467,darkgreen,Melillo_et_al.,-0.624849302
51,51,81,Melillo_et_al.,2001,Brazil,South America,F-Pa,F,1.32,0.96,9,1.94,1.12,2,-0.58,0.63,NA,NA,0,NA,NA,NA,0.07,-0.05,-0.4,0,NA,NA,0.625,NA,NA,NA,0.606691782,0.162344099,0.294514693,0,0.337710115,0.265887643,0.625,-0.385056236,0.225418466,-0.4,1.535574064,darkgreen,Melillo_et_al.,-0.646780649
50,50,80,Melillo_et_al.,2001,Brazil,South America,F-Pa,F,1.12,0.69,9,1.94,1.12,2,-1,0.66,NA,NA,0,NA,NA,NA,0.17,-0.04,-0.4,0,NA,NA,0.625,NA,NA,NA,0.621859492,0.163157573,0.294224384,0,0.34084829,0.269810362,0.625,-0.549359288,0.208820509,-0.4,1.542123481,darkgreen,Melillo_et_al.,-0.646780649
48,48,78,Melillo_et_al.,2001,Brazil,South America,F-Pa,F,0.14,5.06,19,1.94,1.12,2,-0.35,0.56,NA,NA,0,NA,NA,NA,0.09,-0.05,-0.42,0,NA,NA,0.625,NA,NA,NA,0.609658462,0.162162541,0.291717881,0,0.337707777,0.265884721,0.625,-2.628800829,68.91960277,-0.42,1.045525612,darkgreen,Melillo_et_al.,-0.668711996
57,57,87,Melling_et_al.,2007,Malaysia,Asia,WF-Pl,W,3.3,1.7,12,0.7,0.5,12,2,0.25,0.1,0.66,0,0,-0.12,0.01,0.05,2.37,0.8,0,0.520433803,0.791186669,0.625435864,0.114710207,0.535671195,0.505060075,0.603671312,0.581714774,0.533536768,0,0.481142067,0.444796586,0.517487548,1.550597412,0.064632097,0.8,1.642549398,darkgreen,Melling_et_al.,0.669100161
58,58,88,Melling_et_al.,2007,Malaysia,Asia,WF-Pl,W,1.2,0.9,12,0.7,0.5,12,0.66,0.18,0.12,0.09,0,-0.01,-0.11,0.01,-0.27,0.46,0.62,2.39,0.539949941,0.605914792,0.62716848,0.105850495,0.537657583,0.501109159,0.554649605,0.251179159,0.497742325,0.493245596,0.471446714,0.459585169,0.483308258,0.538996501,0.089392007,0.62,1.614777273,darkgreen,Melling_et_al.,0.47171804
63,63,108,Palm_et_al.,2002,Peru,South America,F-Crop,F,2.33,10.05,18,0.8,0.53,18,0.21,0.11,NA,NA,0.01,0.04,NA,NA,0,-0.02,-0.81,2.13,NA,NA,0.635267617,0.152697127,NA,NA,0.595410914,0.166285015,0.212918504,0.440891534,0.367245118,0.353876491,0.393982372,1.069011819,1.057972437,-0.81,1.403174328,darkgreen,Palm_et_al.,-1.096373259
62,62,107,Palm_et_al.,2002,Peru,South America,F-Crop,F,1.27,2.63,18,0.8,0.53,18,0.24,0.11,NA,NA,0.01,NA,NA,NA,-0.01,0.01,0.46,0.64,NA,NA,0.631356775,NA,NA,NA,0.594607296,0.171470308,0.466904748,0.132851575,0.39943814,0.341458482,0.631356775,0.462160452,0.262632935,0.46,1.522489619,darkgreen,Palm_et_al.,0.296267265
61,61,106,Palm_et_al.,2002,Peru,South America,F-Pl,F,0.89,0.35,18,0.8,0.53,18,0.2,0.11,NA,NA,0.01,NA,NA,NA,-0.01,-0.01,0.11,0,NA,NA,0.628996742,NA,NA,NA,0.594576585,0.169116344,0.397211571,0,0.357980249,0.290226125,0.628996742,0.106609735,0.032975469,0.11,1.700175097,darkgreen,Palm_et_al.,-0.087531305
60,60,105,Palm_et_al.,2002,Peru,South America,F-DegF,F,0.8,0.17,18,0.8,0.53,18,0,0.11,NA,NA,0.01,NA,NA,NA,0,0,0.18,0,NA,NA,0.631432577,NA,NA,NA,0.595286159,0.170797913,0.411488413,0,0.361801012,0.294393121,0.631432577,0,0.026892361,0.18,1.71763728,darkgreen,Palm_et_al.,-0.010771591
59,59,104,Palm_et_al.,2002,Peru,South America,F-AGF,F,0.56,0.17,18,0.8,0.53,18,-0.6,0.12,NA,NA,0,NA,NA,NA,-0.01,0,0.56,0,NA,NA,0.628235073,NA,NA,NA,0.594072509,0.171060383,0.48603389,0,0.375880371,0.312791695,0.628235073,-0.356674944,0.029503437,0.56,1.709702251,darkgreen,Palm_et_al.,0.405923999
67,67,112,Perez_et_al.,2007,Venezuela,South America,LFC-Crop,D,3.5,25.4,191,0.16,0.4,180,0.18,0.01,-0.01,NA,0,-0.03,0,NA,0.08,0.09,0.67,2.68,0.357594003,NA,0.626540799,0.085164825,0.599632916,NA,0.608576984,0.18552229,0.508219816,0.554287675,0.440692414,0.464151691,0.417233136,3.085344432,0.310461083,0.67,1.508163313,darkgreen,Perez_et_al.,0.526546407
68,68,113,Perez_et_al.,2007,Venezuela,South America,LFC-Crop,D,2.9,8.3,142,0.16,0.4,180,0.5,0.01,-0.01,NA,0,-0.04,0.01,NA,-0.06,0.24,2.02,2.71,0.364208778,NA,0.626148347,0.080944056,0.603454052,NA,0.586194814,0.212680753,0.778687827,0.560374301,0.476586616,0.534484424,0.418688808,2.897292201,0.092408411,2.02,1.611935433,darkgreen,Perez_et_al.,2.006912318
70,70,115,Perez_et_al.,2007,Venezuela,South America,LFC-Crop,D,5.83,7.76,135,0.44,0.35,68,0.85,0.02,0,NA,0,-0.03,0,NA,-0.2,0.11,1.36,2.6,0.370760439,NA,0.626511593,0.089701366,0.601549306,NA,0.565597636,0.189398683,0.646817073,0.538016441,0.453544067,0.484957458,0.422130676,2.583997552,0.022428704,1.36,1.733179517,darkgreen,Perez_et_al.,1.283177873
71,71,116,Perez_et_al.,2007,Venezuela,South America,LFC-Crop,D,3.97,4.01,106,0.44,0.35,68,1.12,0.03,-0.02,NA,0,-0.02,0,NA,-0.15,0.06,0.76,2.72,0.345679249,NA,0.626133695,0.094001843,0.601551445,NA,0.572734425,0.181315571,0.526753972,0.561351766,0.438690246,0.460538933,0.416841558,2.199746647,0.018930142,0.76,1.747701486,darkgreen,Perez_et_al.,0.625237468
65,65,110,Perez_et_al.,2007,Venezuela,South America,LFC-Crop,D,14.76,31.5,398,2.21,6.5,279,0.51,0.01,0,NA,0,0,0,NA,0.31,0.07,-0.34,2.67,0.383509648,NA,0.626560337,0.114710207,0.599632916,NA,0.644005397,0.18318495,0.307564739,0.550591793,0.426219998,0.42133672,0.431103277,1.898928304,0.042449114,-0.34,1.678549453,darkgreen,Perez_et_al.,-0.580986608
64,64,109,Perez_et_al.,2007,Venezuela,South America,LFC-Pa,D,14.03,31.9,300,2.21,6.5,279,0.5,0.01,0,NA,0,0,0,NA,0.11,0.03,-0.21,0.89,0.377030737,NA,0.62814003,0.114710207,0.597722348,NA,0.612188641,0.174990605,0.332812412,0.184353909,0.377743611,0.326086392,0.429400831,1.848205379,0.048237805,-0.21,1.667602538,darkgreen,Perez_et_al.,-0.438432854
66,66,111,Perez_et_al.,2007,Venezuela,South America,LFC-Pa,D,0.66,1.7,187,0.16,0.4,180,0.4,0.01,-0.02,NA,0,-0.02,0,NA,0.02,0.03,0.35,2.95,0.344636181,NA,0.628101198,0.097827132,0.601543484,NA,0.599709574,0.176508209,0.443770002,0.609015029,0.437638851,0.457250704,0.418026999,1.41706602,0.070200977,0.35,1.635471835,darkgreen,Perez_et_al.,0.175644857
69,69,114,Perez_et_al.,2007,Venezuela,South America,LFC-Pa,D,0.5,0.44,99,0.44,0.35,68,0.15,0.02,-0.04,NA,0,-0.01,0,NA,-0.01,0.04,0.34,2.91,0.326302193,NA,0.628042793,0.102126597,0.601547938,NA,0.595033355,0.178204499,0.442975147,0.600698663,0.434366398,0.454227916,0.41450488,0.127833372,0.017127339,0.34,1.756271476,darkgreen,Perez_et_al.,0.164679184
72,72,117,Rees_et_al.,2006,Zimbabwe,Africa,LFC-Pa,D,0.52,1.36,54,0.5,1.64,54,0.01,0.04,0,0,0,0,NA,NA,0,0,0,NA,0.377030737,0.576606247,0.625,0.114710207,NA,NA,0.595911119,0.17053809,0.374786258,NA,0.40494038,0.380411822,0.423336798,0.039220713,0.325900679,0,1.504007249,darkgreen,Rees_et_al.,-0.208153712
73,73,118,Rees_et_al.,2006,Zimbabwe,Africa,LFC-DegF,D,0.43,1.35,54,0.5,1.64,54,-0.05,0.04,0,0,0,0,NA,NA,0,0,0,NA,0.377030737,0.576606247,0.625,0.114710207,NA,NA,0.595911119,0.17053809,0.374786258,NA,0.40494038,0.380411822,0.423336798,-0.15082289,0.381760728,0,1.490460176,darkgreen,Rees_et_al.,-0.208153712
74,74,119,Rees_et_al.,2006,Zimbabwe,Africa,LFC-DegF,D,0.28,0.78,54,0.5,1.64,54,-0.17,0.04,0,0,0,0,NA,NA,0,0,0,NA,0.377030737,0.576606247,0.625,0.114710207,NA,NA,0.595911119,0.17053809,0.374786258,NA,0.40494038,0.380411822,0.423336798,-0.579818495,0.342937113,0,1.499643929,darkgreen,Rees_et_al.,-0.208153712
75,75,120,Steudler_et_al.,2002,Brazil,South America,F-Pa,F,2.05,1.82,18,4.86,4.98,18,-0.73,0.12,-0.24,NA,NA,NA,NA,NA,-0.01,-0.1,-1.7,0,0.044704963,NA,NA,NA,NA,NA,0.594633152,0.153563557,0.034776255,0,0.165535585,0.195743241,0.044704963,-0.863198645,0.10212166,-1.7,1.603376802,darkgreen,Steudler_et_al.,-2.072318193
80,80,125,Takakai_et_al.,2006,Indonesia,Asia,WF-Pa,W,7.1,1.2,9,0.62,0.11,9,7.24,1.68,0.09,NA,0.01,0,-0.07,-0.01,-3.56,4.77,3.13,NA,0.508706987,NA,0.631046373,0.114710207,0.55838456,0.448174381,0.047901418,1,1,NA,0.538615491,0.62401895,0.453212032,2.438130585,0.006671488,3.13,1.837007995,darkgreen,Takakai_et_al.,3.224102068
81,81,126,Takakai_et_al.,2006,Indonesia,Asia,WF-Pa,W,23,9.8,13,4.4,1.2,13,2.58,0.28,0.09,NA,0.01,0,-0.07,-0.01,-3.56,4.77,3.13,NA,0.508706987,NA,0.631046373,0.114710207,0.55838456,0.448174381,0.047901418,1,1,NA,0.538615491,0.62401895,0.453212032,1.653889675,0.019686943,3.13,1.744344703,darkgreen,Takakai_et_al.,3.224102068
78,78,123,Takakai_et_al.,2006,Indonesia,Asia,WF-DegF,W,0.97,0.7,9,0.62,0.11,9,0.67,0.23,0.14,0.56,0,-0.02,0.18,-0.01,-2.29,0.19,0.62,0,0.565139666,0.756548592,0.628023187,0.094001843,0.698437118,0.453635485,0.243387092,0.203981962,0.498653062,0,0.414180801,0.27993152,0.548430081,0.447576593,0.061361734,0.62,1.646995807,darkgreen,Takakai_et_al.,0.47171804
77,77,122,Takakai_et_al.,2006,Indonesia,Asia,WF-DegF,W,4,1.9,9,4.4,1.2,13,-0.25,0.19,0.09,1.31,NA,0.02,0.09,0,-0.62,-0.83,-0.52,0,0.496166392,1,NA,0.128377727,0.647596121,0.463101398,0.500063573,0.025715684,0.270111777,0,0.392348075,0.251798486,0.56803506,-0.09531018,0.030790996,-0.52,1.706044441,darkgreen,Takakai_et_al.,-0.77836873
76,76,121,Takakai_et_al.,2006,Indonesia,Asia,WF-DegF,W,0.4,0.3,9,0.62,0.11,9,-0.93,0.25,0.09,0.79,NA,0.02,0.09,0,-0.62,-0.83,-0.52,0,0.496166392,0.830642499,NA,0.128377727,0.647596121,0.463101398,0.500063573,0.025715684,0.270111777,0,0.373530575,0.251798486,0.525695685,-0.438254931,0.065997514,-0.52,1.640759184,darkgreen,Takakai_et_al.,-0.77836873
79,79,124,Takakai_et_al.,2006,Indonesia,Asia,WF-DegF,W,1.5,0.7,12,4.4,1.2,13,-2.82,0.32,0.14,0.72,0,-0.02,0.18,-0.01,-2.29,0.19,0.62,0,0.565139666,0.809472811,0.628023187,0.094001843,0.698437118,0.453635485,0.243387092,0.203981962,0.498653062,0,0.419473223,0.27993152,0.559014925,-1.076139433,0.023869699,0.62,1.727847371,darkgreen,Takakai_et_al.,0.47171804
82,82,127,Tang_et_al.,2006,China,Asia,F-Pl,F,4.68,2.44,39,2.68,3.48,108,0.61,0.04,-0.09,1.13,0.02,0.01,-0.05,NA,0.1,-0.03,-0.71,0,0.245354487,0.942728798,0.640191513,0.123821887,0.574126294,NA,0.610856839,0.164475757,0.233499833,0,0.392783934,0.252208107,0.505244596,0.557481315,0.022582086,-0.71,1.732595905,darkgreen,Tang_et_al.,-0.986716525
83,83,128,Tang_et_al.,2006,China,Asia,F-F,F,3.12,3.01,81,2.68,3.48,108,0.13,0.02,-0.08,0.73,0.01,0.01,-0.03,NA,0.03,-0.02,-0.34,0,0.270435677,0.812053738,0.629799309,0.119680214,0.580796893,NA,0.600676421,0.167170127,0.306421859,0,0.387448249,0.268567102,0.482553166,0.152016207,0.027102734,-0.34,1.71697001,darkgreen,Tang_et_al.,-0.580986608
94,94,144,Verchot_et_al.,2006,Indonesia,Asia,F-AGF,F,13.63,17.91,8,1.47,0.58,8,0.91,0.28,NA,0.44,0.01,-0.03,0,0,-0.38,0.14,0.9,0,NA,0.720560123,0.632682958,0.090859798,0.597393979,0.476086689,0.537100435,0.19497163,0.554310703,0,0.422662924,0.352493892,0.510374214,2.227010845,0.235288323,0.9,1.531904471,darkgreen,Verchot_et_al.,0.778756895
103,103,153,Verchot_et_al.,2006,Indonesia,Asia,F-AGF,F,13.63,17.91,8,1.8,0.32,8,0.88,0.27,NA,0.45,0.01,-0.05,-0.03,0,-0.37,-0.11,0.1,0,NA,0.720696202,0.629858377,0.066458451,0.584040122,0.471232375,0.538419367,0.151806734,0.394857241,0,0.395263208,0.311263143,0.500263288,2.024486581,0.219779456,0.1,1.537743457,darkgreen,Verchot_et_al.,-0.098496978
88,88,138,Verchot_et_al.,2006,Indonesia,Asia,F-Crop,F,7.38,4.92,8,1.47,0.58,8,1.6,0.33,NA,-0.25,0.01,-0.02,-0.01,0,-0.2,0.12,0.57,0,NA,0.497219918,0.630842458,0.098252257,0.596371418,0.474873111,0.565868597,0.191841246,0.487793457,0,0.393673607,0.344075282,0.455671513,1.613511238,0.07501504,0.57,1.629792184,darkgreen,Verchot_et_al.,0.416889673
89,89,139,Verchot_et_al.,2006,Indonesia,Asia,F-Crop,F,6.45,2.19,8,1.47,0.58,8,2.94,0.52,NA,0.02,0.01,0.05,0,0,-0.44,0.17,1.11,0,NA,0.581898669,0.630800727,0.164084057,0.597906241,0.476086689,0.527832628,0.19957726,0.596714646,0,0.419433435,0.360042245,0.493672423,1.47881773,0.033869977,1.11,1.697883156,darkgreen,Verchot_et_al.,1.009036037
97,97,147,Verchot_et_al.,2006,Indonesia,Asia,F-Crop,F,7.38,4.92,8,1.8,0.32,8,1.51,0.32,NA,-0.25,0,-0.05,-0.03,0,-0.2,-0.14,-0.25,0,NA,0.497219918,0.628068873,0.071931395,0.582654021,0.470018796,0.565076383,0.147000586,0.325621797,0,0.365287974,0.301543512,0.444968552,1.410986974,0.059506173,-0.25,1.649625249,darkgreen,Verchot_et_al.,-0.482295548
98,98,148,Verchot_et_al.,2006,Indonesia,Asia,F-Crop,F,6.45,2.19,8,1.8,0.32,8,2.81,0.5,NA,0.02,0,0.02,-0.03,0,-0.43,-0.09,0.29,0,NA,0.581898669,0.628043735,0.134009612,0.584227779,0.471232375,0.529418337,0.154557523,0.432894919,0,0.390698105,0.317620631,0.482044949,1.276293466,0.018361109,0.29,1.750315024,darkgreen,Verchot_et_al.,0.109850817
87,87,137,Verchot_et_al.,2006,Indonesia,Asia,F-Crop,F,4.1,2.21,8,1.47,0.58,8,1.54,0.32,NA,0,0.01,-0.01,-0.01,0,-0.21,0.14,0.65,0.47,NA,0.576606247,0.631251579,0.102366745,0.596179566,0.476086689,0.563037964,0.195420482,0.50446061,0.096319531,0.415747712,0.367065055,0.476601034,1.025724573,0.055777896,0.65,1.655165833,darkgreen,Verchot_et_al.,0.50461506
93,93,143,Verchot_et_al.,2006,Indonesia,Asia,F-Crop,F,3.96,3.41,8,1.47,0.58,8,0.96,0.28,NA,-0.3,0.01,-0.02,0.01,0,-0.5,0.12,1.05,0,NA,0.478167199,0.629575104,0.094692591,0.605833497,0.477300268,0.518895476,0.191710845,0.585054825,0,0.397914423,0.354592283,0.452067098,0.990981624,0.112148528,1.05,1.595356586,darkgreen,Verchot_et_al.,0.943241997
96,96,146,Verchot_et_al.,2006,Indonesia,Asia,F-Crop,F,4.1,2.21,8,1.8,0.32,8,1.38,0.31,NA,0,0,-0.04,-0.03,0,-0.22,-0.12,-0.16,0.52,NA,0.576606247,0.628437534,0.075531841,0.582344709,0.471232375,0.562329821,0.15006509,0.343417667,0.108353158,0.388702049,0.327079622,0.465730083,0.823200309,0.040269029,-0.16,1.683064254,darkgreen,Verchot_et_al.,-0.383604487
102,102,152,Verchot_et_al.,2006,Indonesia,Asia,F-Crop,F,3.96,3.41,8,1.8,0.32,8,0.84,0.27,NA,-0.3,0,-0.05,-0.01,0,-0.48,-0.13,0.25,0,NA,0.478167199,0.626960799,0.069808346,0.59201371,0.472445953,0.521397382,0.148447073,0.42478895,0,0.370447712,0.313415872,0.441737513,0.78845736,0.09663966,0.25,1.608101592,darkgreen,Verchot_et_al.,0.065988123
90,90,140,Verchot_et_al.,2006,Indonesia,Asia,F-Crop,F,2.55,0.55,8,1.47,0.58,8,1.81,0.35,NA,0.09,0.01,-0.01,-0.02,0,-0.54,0.07,0.82,0.46,NA,0.607302294,0.632198444,0.102449645,0.587162483,0.470018796,0.513372613,0.183463773,0.537388276,0.096027292,0.414375957,0.36005415,0.482278217,0.550830958,0.025274556,0.82,1.722950229,darkgreen,Verchot_et_al.,0.691031508
91,91,141,Verchot_et_al.,2006,Indonesia,Asia,F-Crop,F,2.44,1.37,8,1.47,0.58,8,0.87,0.27,NA,-0.39,0.01,-0.03,0,0,-0.46,0.16,1.12,0,NA,0.45170509,0.631073707,0.090354606,0.60115723,0.476086689,0.525310094,0.198132585,0.59730298,0,0.396791442,0.35936647,0.443572658,0.506735639,0.058866314,1.12,1.650551018,darkgreen,Verchot_et_al.,1.020001711
99,99,149,Verchot_et_al.,2006,Indonesia,Asia,F-Crop,F,2.55,0.55,8,1.8,0.32,8,1.58,0.33,NA,0.09,0.01,-0.04,-0.05,0,-0.52,-0.18,0.01,0.58,NA,0.607302294,0.629359913,0.076403603,0.574267912,0.465164482,0.516066004,0.139771283,0.376309468,0.119491249,0.389348468,0.323360497,0.47183343,0.348306694,0.009765688,0.01,1.804379512,darkgreen,Verchot_et_al.,-0.197188039
100,100,150,Verchot_et_al.,2006,Indonesia,Asia,F-Crop,F,2.44,1.37,8,1.8,0.32,8,0.61,0.26,NA,-0.39,0,-0.05,-0.02,0,-0.45,-0.1,0.31,0,NA,0.45170509,0.628325397,0.06529294,0.587491864,0.471232375,0.527367505,0.153818238,0.435941349,0,0.369019418,0.317671893,0.433203823,0.304211374,0.043357447,0.31,1.67673642,darkgreen,Verchot_et_al.,0.131782164
92,92,142,Verchot_et_al.,2006,Indonesia,Asia,F-Crop,F,1.62,0.61,8,1.47,0.58,8,0.24,0.25,NA,-0.09,0.01,-0.03,-0.01,0,-0.47,0.11,0.87,0,NA,0.549085653,0.631737653,0.086489769,0.593010086,0.473659532,0.523856495,0.188866593,0.547405827,0,0.399345734,0.346757689,0.46508079,0.097163748,0.037182583,0.87,1.689892724,darkgreen,Verchot_et_al.,0.745859875
106,106,156,Verchot_et_al.,2008,Brazil,South America,DegF-AGF,D,0.88,2.58,28,0.81,2.13,28,0.03,0.07,NA,NA,0,0,NA,NA,0,0,0.1,0,NA,NA,0.625,0.114710207,NA,NA,0.595366353,0.170630659,0.394486431,0,0.316698942,0.290120861,0.369855104,0.08288766,0.55394678,0.1,1.458581625,darkgreen,Verchot_et_al.,-0.098496978
101,101,151,Verchot_et_al.,2006,Indonesia,Asia,F-Crop,F,1.62,0.61,8,1.8,0.32,8,-0.35,0.25,NA,-0.09,0.01,-0.06,-0.04,0,-0.45,-0.14,0.07,0,NA,0.549085653,0.628956187,0.061905994,0.579964732,0.468805218,0.526098434,0.145473989,0.388517155,0,0.372089707,0.305778959,0.454978141,-0.105360516,0.021673716,0.07,1.736111661,darkgreen,Verchot_et_al.,-0.131393998
105,105,155,Verchot_et_al.,2008,Brazil,South America,DegF-AGF,D,0.71,2.07,28,0.81,2.13,28,-0.05,0.07,NA,NA,0,0,NA,NA,0,0,0.01,0,NA,NA,0.625,0.114710207,NA,NA,0.595826009,0.170545274,0.376427211,0,0.31375145,0.285699623,0.369855104,-0.131769278,0.550537542,0.01,1.45911027,darkgreen,Verchot_et_al.,-0.197188039
95,95,145,Verchot_et_al.,2006,Indonesia,Asia,F-DegF,F,1.17,0.52,8,1.47,0.58,8,-0.51,0.26,NA,-0.53,0,-0.03,0.01,0,-0.3,-0.01,0,0,NA,0.404073292,0.625693,0.091031138,0.60407887,0.478513846,0.549731175,0.168586202,0.374709121,0,0.366268516,0.314308069,0.431219075,-0.228258652,0.044150842,0,1.675183612,darkgreen,Verchot_et_al.,-0.208153712
104,104,154,Verchot_et_al.,2006,Indonesia,Asia,F-DegF,F,1.17,0.52,8,1.8,0.32,8,-1.38,0.31,NA,-0.53,0,-0.05,-0.02,0,-0.3,-0.25,-0.8,0,NA,0.403669698,0.623395213,0.066853582,0.590418992,0.473659532,0.550231438,0.127561615,0.215404792,0,0.339021651,0.273371475,0.421084371,-0.430782916,0.028641975,-0.8,1.712239817,darkgreen,Verchot_et_al.,-1.085407586
86,86,136,Verchot_et_al.,1999,Brazil,South America,F-DegF,F,0.94,1.26,256,2.43,3.46,255,-0.57,0.01,NA,0,0,0.05,0,0,0.19,-0.18,-1.69,0,NA,0.576606247,0.623889081,0.159969569,0.600680597,0.476676623,0.625482991,0.140126038,0.036722629,0,0.360017086,0.255801656,0.490286374,-0.949766661,0.01496911,-1.69,1.767804987,darkgreen,Verchot_et_al.,-2.06135252
85,85,135,Verchot_et_al.,1999,Brazil,South America,F-Pa,F,0.25,1.63,221,2.43,3.46,255,-0.79,0.01,NA,0.15,0.01,0.06,0,0,-0.04,-0.28,-1.87,0,NA,0.624238044,0.634694278,0.168198544,0.599750431,0.476884954,0.589919752,0.121205385,0.001403475,0,0.357366096,0.237882713,0.506720324,-2.274185618,0.200305343,-1.87,1.545688519,darkgreen,Verchot_et_al.,-2.258734641
84,84,134,Verchot_et_al.,1999,Brazil,South America,F-Pa,F,0.06,0.42,248,2.43,3.46,255,-0.95,0.01,NA,0.15,0.01,0.05,0,0,-0.02,-0.27,-1.72,0,NA,0.624238044,0.633633911,0.156126935,0.599932974,0.476573005,0.592943636,0.123541446,0.031595252,0,0.3598428,0.244930668,0.503482966,-3.701301974,0.205531237,-1.72,1.543483062,darkgreen,Verchot_et_al.,-2.09424954
107,107,157,Weitz_et_al.,1998,Costa Rica,North America,LFC-Crop,D,5.05,5.41,21,1.42,1.21,20,0.9,0.11,NA,0,0,0,0,0,0.01,0.08,1.33,0,NA,0.575647219,0.625,0.114710207,0.599632916,0.476086689,0.597907197,0.183634652,0.639306019,0,0.423547211,0.379386912,0.478747586,1.268731372,0.090955092,1.33,1.613292878,darkgreen,Weitz_et_al.,1.250280852
108,108,158,Weitz_et_al.,1998,Costa Rica,North America,LFC-Crop,D,1.85,1.21,21,1.28,1.06,22,0.49,0.1,NA,-0.15,0,0,0,0,-0.03,0.01,0.42,0,NA,0.529294218,0.625,0.114710207,0.599632916,0.476086689,0.591113713,0.171628754,0.45806101,0,0.396169723,0.339378033,0.467159335,0.368325561,0.051543114,0.42,1.661927239,darkgreen,Weitz_et_al.,0.252404571
110,110,162,Wick_et_al.,2005,Brazil,South America,F-Pa,F,3.93,6,6,10.09,6.1,2,-0.89,0.72,NA,0.42,0.01,0.05,NA,0,-0.11,-0.3,-0.69,NA,NA,0.71202575,0.63211074,0.156640123,NA,0.478389437,0.579199453,0.117649349,0.237070907,NA,0.416155108,0.353077286,0.500258871,-0.942905408,0.571223524,-0.69,1.455951702,darkgreen,Wick_et_al.,-0.964785178
109,109,161,Wick_et_al.,2005,Brazil,South America,F-Pa,F,1.68,2.1,7,10.09,6.1,2,-2.48,0.98,NA,0.13,0.01,0.04,NA,0,-0.3,-0.25,0.4,NA,NA,0.61844414,0.631555253,0.149967907,NA,0.479578881,0.549268534,0.127255538,0.455118003,NA,0.430169751,0.402805239,0.466655767,-1.792751041,0.405960059,0.4,1.485197181,darkgreen,Wick_et_al.,0.230473224
111,111,163,Wick_et_al.,2005,Brazil,South America,F-Pa,F,0.37,0.9,8,10.09,6.1,2,-3.79,1.34,NA,0.35,0.02,0.04,NA,0,-0.12,-0.54,-1.64,NA,NA,0.690138401,0.638163888,0.152795094,NA,0.472671061,0.576706925,0.076251969,0.047949209,NA,0.379239507,0.293394791,0.493699128,-3.305797108,0.922336716,-1.64,1.414922946,darkgreen,Wick_et_al.,-2.006524153
113,113,166,Zhang_et_al.,2008,China,Asia,F-Pl,F,2.3,0.74,36,2.57,0.84,36,-0.34,0.06,0.06,-0.24,0.01,0.01,-0.05,0,-0.02,-0.1,-0.49,0,0.467160396,0.498619007,0.632122443,0.119756544,0.569812055,0.4616248,0.592939966,0.154019119,0.276521202,0,0.377257553,0.297021017,0.457494089,-0.110996776,0.00584294,-0.49,1.848363523,darkgreen,Zhang_et_al.,-0.74547171
112,112,165,Zhang_et_al.,2008,China,Asia,F-Pl,F,2.11,0.79,36,2.57,0.84,36,-0.56,0.06,0.07,-0.21,0.01,0.01,-0.03,0,-0.02,-0.08,-0.39,0,0.477634686,0.507305252,0.630398834,0.120485273,0.580467797,0.462737253,0.593060132,0.155842564,0.297358453,0,0.382529024,0.301799681,0.463258368,-0.197217951,0.006861412,-0.39,1.834604282,darkgreen,Zhang_et_al.,-0.635814976
